Kecamatan,Kabupaten,Nama objek,Nomor Lokasi Keterdapatan,Komoditi,Kode Unsur,Kelompok Mineral Logam,Lokasi Keterdapatan,Provinsi,Status Penyelidikan Mineral Logam,Bijih Terbukti (Ton),Logam Terbukti (Ton),keteragan,acuan,objectid,longitude,latitude,Jenis Izin,Lokasi Tambang,Luas Wilayah,Tanggal Berakhir SK,Tanggal Berlaku SK,Mine_port(meter),Mine_road(meter),Mine_Smelter(meter)
Malili,Luwu Timur,Nikel Desa Harapan dan Desa Pongkeru,283.000.000,Nikel,Ni,Logam Besi dan Paduan Besi,Desa Harapan dan Desa Pongkeru,Sulawesi Selatan,Operasi Produksi,7458000,91480.27,"Blok Kande Api Baru, Kande Api Lama, Landau, KM 17","PT Citra Lampia Mandiri, Laporan RKAB Tahun 2022",1301,121.153,-2.788,IUP,Desa Harapan Kec Malili Kab Luwu Timur,2660,"November 3, 2029","Juli 6, 2018",10999.274,427.609,34735.389
Towuti,Luwu Timur,Nikel Limonite Sorowako,281.000.000,Nikel,Ni,Logam Besi dan Paduan Besi,Limonite Sorowako,Sulawesi Selatan,Eksplorasi,0,0,"Kadar Ni 1,38%","PT INCO, RKAB 2012, Data Sumber Daya dan Cadangan per September 2011",1299,121.386,-2.617,IUPK,Blok Soroako. Kab. Luwu timur dan Kab. Morowali,70566,"Desember 28, 2035","Mei 3, 2024",,,
Wasuponda,Luwu Timur,Nikel Soroako-Petea HPAL,1.921.000.000,Nikel,Ni,Logam Besi dan Paduan Besi,Soroako-Petea HPAL,Sulawesi Selatan,Eksplorasi,0,0,Saprolit,"PT INCO, RKAB 2012, Data Sumber Daya dan Cadangan per September 2011",1453,121.242,-2.642,IUPK,Blok Soroako. Kab. Luwu timur dan Kab. Morowali,70566,"Desember 28, 2035","Mei 3, 2024",,,
Malili,Luwu Timur,Nikel Ussu,2.136.000.000,Nikel,Ni,Logam Besi dan Paduan Besi,Ussu,Sulawesi Selatan,Operasi Produksi,2244375,2.854.271.728,Blok C dan Blok DEF,"PT Prima Utama Lestari, Laporan Sumber Daya dan Cadangan Tahun 2019",1485,121.075,-2.571,IUP,"Desa Ussu, Kec. Malili, Kab.Luwu Timur",1419,"April 18, 2031","April 18, 2011",7801.659,1707.929,33707.756
Malili,Luwu Timur,Nikel Blok Pongkeru dan Blok Harapan,2.816.000.000,Nikel,Ni,Logam Besi dan Paduan Besi,Blok Pongkeru dan Blok Harapan,Sulawesi Selatan,Operasi Produksi,0,0,"2 blok, kadar Ni 0,6% s.d. 3,1%","PT Sumber Wahau Jaya, Laporan RKAB Tahun 2020",1634,121.153,-2.7885,IUP,Desa Harapan dan Pongkeru. Kec malili,303,"September 17, 2031","September 10, 2021",11026.502,449.858,34773.727
Malili,Luwu Timur,Nikel Malili,2.549.000.000,Nikel,Ni,Logam Besi dan Paduan Besi,Malili,Sulawesi Selatan,Operasi Produksi,0,0,Limonit-Saprolit,"PT Tiga Samudera Perkasa, Laporan Eksplorasi Tahun 2016 (Tabulasi Dinas ESDM Provinsi)",1571,121.138,-2.629,IUP,"Malili, Luwu Timur",3000,"Januari 23, 2038","Januari 23, 2018",5868.821,364.056,27488.922
Nuha,Luwu Timur,Nikel Soroako West Block,278.000.000,Nikel,Ni,Logam Besi dan Paduan Besi,Soroako West Block,Sulawesi Selatan,Operasi Produksi,269400000,1555750,Bijih kering,"PT Vale, Laporan RKAB Tahun 2020 (Tabulasi Ditjen Minerba)",1296,121.355,-2.56,IUPK,Blok Soroako. Kab. Luwu timur dan Kab. Morowali,70566,"Desember 28, 2035","Mei 3, 2024",31160.467,45.123,2820.245
Nuha,Luwu Timur,Nikel Soroako East Block,279.000.000,Nikel,Ni,Logam Besi dan Paduan Besi,Soroako East Block,Sulawesi Selatan,Operasi Produksi,0,0,-,"PT Vale, Laporan RKAB Tahun 2020 (Tabulasi Ditjen Minerba)",1297,121.393,-2.56,IUPK,Blok Soroako. Kab. Luwu timur dan Kab. Morowali,70566,"Desember 28, 2035","Mei 3, 2024",35230.483,342.276,2001.533
Towuti,Luwu Timur,Nikel Petea,280.000.000,Nikel,Ni,Logam Besi dan Paduan Besi,Petea,Sulawesi Selatan,Eksplorasi Rinci,0,0,Saprolit,"PT Vale, Laporan RKAB Tahun 2020 (Tabulasi Ditjen Minerba)",1298,121.535,-2.518,IUPK,Blok Soroako. Kab. Luwu timur dan Kab. Morowali,70566,"Desember 28, 2035","Mei 3, 2024",,,
Towuti,Luwu Timur,Nikel Soroako Outer SOA,282.000.000,Nikel,Ni,Logam Besi dan Paduan Besi,Soroako Outer SOA,Sulawesi Selatan,Eksplorasi,0,0,-,"PT Vale, Laporan RKAB Tahun 2020 (Tabulasi Ditjen Minerba)",1300,121.715,-2.675,IUPK,Blok Soroako. Kab. Luwu timur dan Kab. Morowali,70566,"Desember 28, 2035","Mei 3, 2024",,,
Petasia,Morowali Utara,Nikel Ganda ganda,1.374.000.000,Nikel,Ni,Logam Besi dan Paduan Besi,Ganda ganda,Sulawesi Tengah,Eksplorasi,0,0,-,"CV Rezky Utama, Persetujuan Laporan RKAB Tahun 2021",1394,121.3467,-1.8921,IUP ,"Desa Ganda-Ganda Kec. Petasia, Morowali",200,"April 12, 2032","April 19, 2012",,,
Sayo Jaya,Morowali Utara,Nikel Towi,2.860.000.000,Nikel,Ni,Logam Besi dan Paduan Besi,Towi,Sulawesi Tengah,Operasi Produksi,1530000,18956.7,-,"CV Surya Amindo Perkasa, Laporan RKAB Tahun 2021",1657,121.341,-1.8607,IUP ,Desa Towi Kec. Soyo Jaya,160,"Maret 25, 2031","Maret 24, 2010",11459.512,425.683,9266.777
Wita Ponda,Morowali,Nikel Solonsa,2.576.000.000,Nikel,Ni,Logam Besi dan Paduan Besi,Solonsa,Sulawesi Tengah,Operasi Produksi,5348698.25,51.294.016.218,Blok A-D,"PT Alaska Dwipa Perdana, Laporan RKAB Tahun 2019 (Tabulasi Dinas ESDM Provinsi)",1598,121.542,-2.223,IUP,"Desa Solonsa, Solonsa Jaya dan Ungkaya Kec. Wita Ponda, Kab. Morowali",480,"Oktober 16, 2029","Oktober 16, 2010",27275.631,1787.489,39563.219
Bahodopi,Morowali,Nikel Keurea,1.381.000.000,Nikel,Ni,Logam Besi dan Paduan Besi,Keurea,Sulawesi Tengah,Operasi Produksi,0,0,-,"PT Ang & fang Brothers, 2013",1401,122.102,-2.795,IUP,Desa Lalampu Kec. Bahodopi,775,"April 19, 2032","Februari 16, 2022",7111.484,51.944,1880.686
Bahodopi,Morowali,Nikel Lalampu 1,2.574.000.000,Nikel,Ni,Logam Besi dan Paduan Besi,Lalampu 1,Sulawesi Tengah,Operasi Produksi,0,0,-,"PT Ang and Fang Brothers (119 ha), Laporan RKAB Tahun 2022",1596,122.1025,-2.7957,IUP,Desa Lalampu Kec. Bahodopi,775,"April 19, 2032","Februari 16, 2022",7041.997,14.482,1925.175
Bungku Selatan,Morowali,Nikel Lalampu 2,2.805.000.000,Nikel,Ni,Logam Besi dan Paduan Besi,Lalampu 2,Sulawesi Tengah,Operasi Produksi,0,0,"Blok I dan Blok III, kadar Ni 0,4% s.d. 1,2%, 1,2 s.d. 1,8%, 1,8 s.d. 2,4%","PT Ang and Fang Brothers (576 ha), Laporan RKAB Tahun 2022",1623,122.0757,-2.8126,IUP,Desa Lalampu Kec. Bahodopi,775,"April 19, 2032","Februari 16, 2022",9910.423,888.488,1963.137
Pagimana,Banggai,Nikel Longgona Barat,1.366.000.000,Nikel,Ni,Logam Besi dan Paduan Besi,Longgona Barat,Sulawesi Tengah,Operasi Produksi,0,0,Blok Bualemo,"PT Anugerah Sumber Bumi, Laporan Revisi RKAB Tahun 2020",1386,122.605,-0.812,IUP,Kecamatan Bualemo,199,"Maret 22, 2032","Januari 30, 2023",6301.642,35.417,189780.634
Bualemo,Banggai,Nikel Longkoga Barat 1,2.536.000.000,Nikel,Ni,Logam Besi dan Paduan Besi,Longkoga Barat 1,Sulawesi Tengah,Operasi Produksi,0,0,Blok Bolaemo dan Blok Siuna,"PT Anugrah Bangun Makmur, Laporan RKAB Tahun 2020",1558,123.0335,-0.6975,IUP,"Kec. Pagimana, Banggai",4335,"Marret 23, 2035","April 19, 2017",38503.994,2700.904,235028.231
Toili,Banggai,Nikel Singkoyo,2.537.000.000,Nikel,Ni,Logam Besi dan Paduan Besi,Singkoyo,Sulawesi Tengah,Operasi Produksi,0,0,"Laterit wmt, kadar Ni 1,27%","PT Anugrah Bumi Gemilang, Laporan RKAB Tahun 2020",1559,122.3216,-1.4162,IUP,"Kec Toili dan Toili Barat, Kab. Banggai",4100,"Mei 15, 2035","September 2, 2015",34303.648,148.311,125555.795
Toili Barat,Banggai,Nikel Piondo,2.538.000.000,Nikel,Ni,Logam Besi dan Paduan Besi,Piondo,Sulawesi Tengah,Operasi Produksi,0,0,"Laterit wmt, kadar Ni 1,28%","PT Anugrah Bumi Gemilang, Laporan RKAB Tahun 2020",1560,122.246,-1.4652,IUP,"Kec Toili dan Toili Barat, Kab. Banggai",4100,"Mei 15, 2035","September 2, 2015",44306.751,20.707,115593.220
Sayo Jaya,Morowali Utara,Nikel Tamainusi 3,2.859.000.000,Nikel,Ni,Logam Besi dan Paduan Besi,Tamainusi 3,Sulawesi Tengah,Operasi Produksi,2719000,0,Tidak ada data kadar Ni,"PT Aulia Prima Perkasa, Persetejuan Laporan RKAB Tahun 2021",1656,121.221,-1.8369,IUP,"Kecamatan Soyo Jaya, Kabupaten Morowali Utara",339,"September 20, 2033","September 20, 2023",19993.903,6676.420,16150.842
Bungku Selatan,Morowali,Nikel Laro Enai 1,1.383.000.000,Nikel,Ni,Logam Besi dan Paduan Besi,Laro Enai 1,Sulawesi Tengah,Operasi Produksi,3350000,33124,"Limonit Kadar 0,8 - 1,2%","PT Bima Cakra Perkasa Mineralindo, Laporan RKAB Tahun 2022",1402,122.245,-3.055,IUP,"Desa Laro'enai Kec. Bungku Selatan, Kab. Morowali",199,"Agustus 20, 2030","November 25, 2013",28766.066,170.305,2924.612
Bahodopi,Morowali,Nikel Bahomoahi,273.000.000,Nikel,Ni,Logam Besi dan Paduan Besi,Bohomakmur,Sulawesi Tengah,Operasi Produksi,20271911,249.802.896.770,"Blok-1,3,4,5,8","PT Bintang Delapan Mineral, Laporan RKAB Tahun 2020",1293,121.975,-2.698,IUP,"Desa Bohomoahi, Bohomotefe, Lalampu, Lele, Dampala, Siumbatu, Bahodopi, Keurea Dan Fatufia Kec. Bungku Tengah dan Bahodopi",20765,"Juli 20, 2027","Desember 30, 2022",24332.333,220.809,7362.846
Bungku Pesisir,Morowali,Nikel Lamantoli,1.948.000.000,Nikel,Ni,Logam Besi dan Paduan Besi,Lamantoli,Sulawesi Tengah,Operasi Produksi,1760000,15646.4,Low-Medium-High Grade,"PT Bintang Sinar Perkasa, Laporan RKAB Tahun 2022",1480,122.405,-3.148,IUP,"Desa Lamontoli, Kec. Bungku Selatan, Kab. Morowali",1867.7,"Januari 16, 2036","Juni 9, 2017",17229.187,930.283,18527.678
Petasia Timur,Morowali Utara,Nikel Molino,274.000.000,Nikel,Ni,Logam Besi dan Paduan Besi,Molino,Sulawesi Tengah,Operasi Produksi,3350000,39161.5,"Kadar Ni 1,46% - 1,67%","PT Bukit Makmur Istindo Nikeltama, Laporan RKAB Tahun 2020",1294,121.479,-2.149,IUP,"Desa Tompira dan Sekitarnya, Kec. Lembo, Petasia, dan Witaponda, Kab. Morowali",4778,"Januari 28, 2030","Januari 5, 2012",23370.324,5.660,28801.437
Petasia Timur,Morowali Utara,Nikel Keuno,2.157.000.000,Nikel,Ni,Logam Besi dan Paduan Besi,Keuno,Sulawesi Tengah,Operasi Produksi,1860000,21743.4,-,"PT Bukit Makmur Istindo Nikeltama, Laporan RKAB Tahun 2020",1506,121.492,-2.172,IUP,"Desa Tompira dan Sekitarnya, Kec. Lembo, Petasia, dan Witaponda, Kab. Morowali",4778,"Januari 28, 2030","Januari 5, 2012",26249.231,878.636,31702.353
Petasia Timur,Morowali Utara,Nikel Towara,2.158.000.000,Nikel,Ni,Logam Besi dan Paduan Besi,Towara,Sulawesi Tengah,Operasi Produksi,170000,2130.1,-,"PT Bukit Makmur Istindo Nikeltama, Laporan RKAB Tahun 2020",1507,121.451,-2.095,IUP,"Desa Tompira dan Sekitarnya, Kec. Lembo, Petasia, dan Witaponda, Kab. Morowali",4778,"Januari 28, 2030","Januari 5, 2012",10812.484,866.623,22197.167
Petasia Timur,Morowali Utara,Nikel Tompira,2.159.000.000,Nikel,Ni,Logam Besi dan Paduan Besi,Tompira,Sulawesi Tengah,Operasi Produksi,1170000,13513.5,-,"PT Bukit Makmur Istindo Nikeltama, Laporan RKAB Tahun 2020",1508,121.41,-2.084,IUP,"Desa Tompira dan Sekitarnya, Kec. Lembo, Petasia, dan Witaponda, Kab. Morowali",4778,"Januari 28, 2030","Januari 5, 2012",10211.082,461.175,18508.652
Petasia Timur,Morowali Utara,Nikel Putemata,2.160.000.000,Nikel,Ni,Logam Besi dan Paduan Besi,Putemata,Sulawesi Tengah,Operasi Produksi,0,0,-,"PT Bukit Makmur Istindo Nikeltama, Laporan RKAB Tahun 2020",1509,121.418,-2.108,IUP,"Desa Tompira dan Sekitarnya, Kec. Lembo, Petasia, dan Witaponda, Kab. Morowali",4778,"Januari 28, 2030","Januari 5, 2012",12505.710,2683.876,21239.843
Lembo,Morowali Utara,Nikel Cengkeh,2.161.000.000,Nikel,Ni,Logam Besi dan Paduan Besi,Cengkeh,Sulawesi Tengah,Operasi Produksi,3780000,43923.6,-,"PT Bukit Makmur Istindo Nikeltama, Laporan RKAB Tahun 2020",1510,121.366,-2.103,IUP,"Desa Tompira dan Sekitarnya, Kec. Lembo, Petasia, dan Witaponda, Kab. Morowali",4778,"Januari 28, 2030","Januari 5, 2012",12885.762,1349.126,18453.927
Toili Barat,Banggai,Nikel Lembah Kramat,1.369.000.000,Nikel,Ni,Logam Besi dan Paduan Besi,Lembah Kramat,Sulawesi Tengah,Operasi Produksi,0,0,Blok Bualemo,"PT Bumi Gemilang Perdana, Laporan RKAB Tahun 2020",1389,122.085,-1.571,IUP,Kecamatan Toili Barat,198,"Maret 5, 2032","Desember 12, 2022",35775.250,2870.354,94338.716
Toili Barat,Banggai,Nikel Blok Gunung Keramat,2.539.000.000,Nikel,Ni,Logam Besi dan Paduan Besi,Blok Gunung Keramat,Sulawesi Tengah,Operasi Produksi,0,0,"Laterit wmt, kadar Ni 1,2%","PT Bumi Makmur Gemilang, Laporan RKAB Tahun 2020",1561,122.0832,1.5975,IUP,"Kec. Toili, Banggai",3447,"Maret 5, 2035","September 2, 2015",34213.441,971.351,92917.978
Toili Barat,Banggai,Nikel Blok Rata,2.540.000.000,Nikel,Ni,Logam Besi dan Paduan Besi,Blok Rata,Sulawesi Tengah,Operasi Produksi,0,0,"Laterit wmt, kadar Ni 1,2%","PT Bumi Makmur Gemilang, Laporan RKAB Tahun 2020",1562,122.1406,-1.5733,IUP,"Kec. Toili, Banggai",3447,"Maret 5, 2035","September 2, 2015",41130.756,513.739,99840.962
Bungku Selatan,Morowali,Nikel Sambalagi,288.000.000,Nikel,Ni,Logam Besi dan Paduan Besi,Sambalagi,Sulawesi Tengah,Eksplorasi,0,0,"Kadar Ni 1% - 1,4%","PT Bumi Morowali Utama, 2015",1304,122.259,-3.068,IUP,Desa Laroenai Kec. Bungku Pesisir,1963,"Oktober 20, 2026","Oktober 27, 2011",,,
Bungku Barat,Morowali,Nikel Blok 1,2.945.000.000,Nikel,Ni,Logam Besi dan Paduan Besi,Blok 1,Sulawesi Tengah,Operasi Produksi,12528480,149.088.912,Blok 1,"PT Bumi Routa Mining, Laporan RKAB Tahun 2022",1665,121.728,-2.388,IUP,"Desa Bahoea dan Wosu, Kec. Bungku Barat, kab. Morowali",5690,"September 15, 2034","September 15, 2014",53599.062,6394.198,38564.455
Bahodopi,Morowali,Nikel Sumbatu 1,2.861.000.000,Nikel,Ni,Logam Besi dan Paduan Besi,Sumbatu 1,Sulawesi Tengah,Operasi Produksi,3310000,35568.4,Blok 1 - Blok 6,"PT Cahaya Ginda Ganda, Laporan RKAB Tahun 2022",1658,122.076,-2.8126,IUP,"Siumbatu, Bahodopi, Morowali",1942,"Agustus 11, 2030","Agustus 12, 2010",9877.117,731.344,1945.202
Bungku Selatan,Morowali,Nikel Blok Cetara Lalampu,2.787.000.000,Nikel,Ni,Logam Besi dan Paduan Besi,Blok Cetara Lalampu,Sulawesi Tengah,Eksplorasi,580000,6861.4,Laterit,"PT Cetara Bangun Persada, Laporan RKAB Tahun 2020",1604,122.0746,-2.781,IUP,Desa Lalampu Kecamatan Bahodopi,199,"Oktober 18, 2031","Oktober 19, 2021",,,
Mamosalato,Morowali Utara,Nikel Kolo Bawah,2.806.000.000,Nikel,Ni,Logam Besi dan Paduan Besi,Kolo Bawah,Sulawesi Tengah,Operasi Produksi,23000,256.41,"Blok A dan Blok B, kadar NI 1,49% s.d. 1,71%","PT Ganesha Wana Utama, Laporan RKAB Tahun 2020",1624,121.898,-1.6829,IUP,Desa Kolo Bawah Kec. Mamosalato,199.5,"April 18, 2032","Agustus 2, 2022",11565.130,81.349,70250.172
Toili Barat,Banggai,Nikel Blok Gunung Keramat 1,2.541.000.000,Nikel,Ni,Logam Besi dan Paduan Besi,Blok Gunung Keramat 1,Sulawesi Tengah,Operasi Produksi,0,0,"Laterit wmt, kadar Ni 1,4%","PT Gemilang Bangun Perkasa, Laporan RKAB Tahun 2020",1563,122.209,-1.5105,IUP,"Kec Toili dan Toili Barat, Kab Banggai",4398,"Maret 28, 2035","September 2, 2015",51067.821,191.917,109673.516
Nuhon,Banggai,Nikel Sumber Agung,2.542.000.000,Nikel,Ni,Logam Besi dan Paduan Besi,Sumber Agung,Sulawesi Tengah,Operasi Produksi,0,0,"Laterit wmt, kadar Ni 1,5%","PT Gemilang Mandiri Perkasa, Laporan RKAB Tahun 2020",1564,122.1842,-0.9889,IUP,Kec. Bunta dan Nuhon Keb. Banggai,4677,"Februari 22, 2035","September 2, 2015",53598.078,231.759,142569.135
Bunta,Banggai,Nikel Sumber Mulya,2.543.000.000,Nikel,Ni,Logam Besi dan Paduan Besi,Sumber Mulya,Sulawesi Tengah,Operasi Produksi,0,0,"Laterit wmt, kadar Ni 1,4%","PT Gemilang Mandiri Perkasa, Laporan RKAB Tahun 2020",1565,122.2337,-0.9596,IUP,Kec. Bunta dan Nuhon Keb. Banggai,4677,"Februari 22, 2035","September 2, 2015",50716.229,43.135,148685.848
Bunta,Banggai,Nikel Donda,2.544.000.000,Nikel,Ni,Logam Besi dan Paduan Besi,Donda,Sulawesi Tengah,Operasi Produksi,0,0,"Laterit wmt, kadar Ni 1,4%","PT Gemilang Mandiri Perkasa, Laporan RKAB Tahun 2020",1566,122.2857,-0.9263,IUP,Kec. Bunta dan Nuhon Keb. Banggai,4677,"Februari 22, 2035","September 2, 2015",44016.313,968.527,155336.793
Lembo,Morowali Utara,Nikel Molino 1,1.370.000.000,Nikel,Ni,Logam Besi dan Paduan Besi,Molino 1,Sulawesi Tengah,Operasi Produksi,0,0,"Blok 3A, Block 3B, Block 11A, Block 11B, Block 11C, Block 2, Block 4, Block 9, Block 10, Block 11 D","PT Genba Multi Mineral, Laporan RKAB Tahun 2020 (Tabulasi Ditjen Minerba)",1390,121.385,-2.162,IUP,"Desa Molino dan Bimor Jaya Kec. Petasia, Kab. Morowali",3744,"Desember 8, 2029","Januari 19, 2016",19170.417,537.985,25307.264
Bahodopi,Morowali,Nikel Tangofa,1.378.000.000,Nikel,Ni,Logam Besi dan Paduan Besi,Tangofa,Sulawesi Tengah,Operasi Produksi,4950000,64150.8,"Bete-Bete/PIT 1-6, West Bete-Bete, Central, Central 2/Pit 21, APL/PIT A-C","PT Hengjaya Mineralindo, Laporan RKAB Tahun 2022",1398,122.1686,-2.9391,IUP,"Desa Padabaho, Bete-Bete, Pu'ungkeu, Tangofa, Kec. Bahodopi & Bungku Selatan",5983,"Mei 26, 2031","Juli 10, 2020",14536.295,3300.312,11876.026
Petasia,Morowali Utara,Nikel Ungkaya,1.372.000.000,Nikel,Ni,Logam Besi dan Paduan Besi,Ungkaya,Sulawesi Tengah,Eksplorasi,0,0,"Blok Kolonedale West, Central dan East","PT Hoffmen International, Laporan RKAB Tahun 2020",1392,121.318,-1.879,IUP,"Desa Ganda-Ganda, Kec. Petasi",585,"Maret 24, 2031","Desember 3, 2020",,,
Petasia,Morowali Utara,Nikel Torete,1.375.000.000,Nikel,Ni,Logam Besi dan Paduan Besi,Torete,Sulawesi Tengah,Operasi Produksi,0,0,-,"PT Indoberkah Jaya Mandiri, Laporan RKAB Tahun 2021",1395,121.317,-1.946,IUP,"Desa Torete, Kec. Bungku pesisir, Morowali",196,"Oktober 10, 2034","November 21, 2014",4050.242,509.154,662.173
Bahodopi,Morowali,Nikel Padabaho,2.571.000.000,Nikel,Ni,Logam Besi dan Paduan Besi,Padabaho,Sulawesi Tengah,Operasi Produksi,0,0,"Blok A, Blok B","PT Indoberkah Jaya Mandiri, Laporan Studi Kelayakan Tahun 2020",1593,122.182,-2.91,IUP,"Desa Torete, Kec. Bungku pesisir, Morowali",196,"Oktober 10, 2034","November 21, 2014",11474.393,1650.431,8791.144
Petasia,Morowali Utara,Nikel Lambolo 1,2.572.000.000,Nikel,Ni,Logam Besi dan Paduan Besi,Lambolo 1,Sulawesi Tengah,Operasi Produksi,808974,9.479.223.950,"Blok C1, C2, D, E","PT Itamatra Nusantara, Laporan RKAB Tahun 2021",1594,121.292,-1.937,IUP,"Desa lambolo, Kec. Petasia, Kab.Morowali",974,"Maret 15, 2032","Maret 16, 2012",6981.391,1254.490,3343.002
Petasia Timur,Morowali Utara,Nikel Bungintibe,2.807.000.000,Nikel,Ni,Logam Besi dan Paduan Besi,Bungintibe,Sulawesi Tengah,Operasi Produksi,10052605,116.072.403.300,"5 blok, kadar Ni 1,01% s.d. 1,74%","PT Keinz Ventura, Laporan RKAB Tahun 2020",1625,121.414,-2.0949,IUP,"Desa Tompira, Bungintimbe, Towara dan Molino, Kec. Petasia, Kab. Morowali",1205,"Oktober 22, 2032","Juli 14, 2022",11213.325,1181.302,19767.894
Petasia,Morowali,Nikel Blok A,2.944.000.000,Nikel,Ni,Logam Besi dan Paduan Besi,Blok A,Sulawesi Tengah,Operasi Produksi,280000,3194.8,Blok A,"PT Maghantara Multimedia Nusaphala, Laporan RKAB Tahun 2022",1664,122.099,-2.944,IUP,Labota dan Padabao,2318,"November 29, 2031","November 29, 2011",16748.465,7584.562,14613.845
Bungku Selatan,Morowali,Nikel Buleleng 1,2.808.000.000,Nikel,Ni,Logam Besi dan Paduan Besi,Buleleng 1,Sulawesi Tengah,Operasi Produksi,9166519,962.484.495,"Blok Utara dan Blok Selatan, kadar Ni 1,6% dan 2,6%","PT Mahligai Artha Sejahtera, Laporan RKAB Tahun 2022",1626,122.2345,-3.038,IUP,Kecamatan Bungku Pesisir,514,"Juni 22, 2031","September 24, 2011",26622.013,220.772,4190.099
Witaponfa,Morowali,Nikel Ungkaya 1,2.809.000.000,Nikel,Ni,Logam Besi dan Paduan Besi,Ungkaya 1,Sulawesi Tengah,Operasi Produksi,1086268,129.265.892,"Kadar Ni 1,53% s.d. 1,71%","PT Mitra Agung Karya Lestari, Laporan RKAB Tahun 2020",1627,121.5475,-2.2587,IUP,"Desa Ungkaya, Kec. Witaponda, Morowali",743,"Oktober 31, 2031","Oktober 31, 2016",31148.824,2083.831,39265.060
Petasia,Morowali Utara,Nikel Lambolo,1.373.000.000,Nikel,Ni,Logam Besi dan Paduan Besi,Lambolo,Sulawesi Tengah,Operasi Produksi,3474174,4.196.266.004,"Pit 2A1-2A5, 2B, 2C1, 2C2, 3A11, 3A12, 3A21, 3A22, 3A3","PT Mulia Pasific Resources, Laporan RKAB Tahun 2022",1393,121.316,-1.983,IUP,"Desa Lambolo, Ganda-ganda dan Kolonodale, Marle dan Korolama Kec. Petasia, Kab. Morowali",4780,"April 20, 2031","April 28, 2011",2934.728,1817.040,4554.300
Ampana Kota,Tojo Una-Una,Nikel Rapalemba,2.856.000.000,Nikel,Ni,Logam Besi dan Paduan Besi,Rapalemba,Sulawesi Tengah,Operasi Produksi,9235772,1.228.357.676,"Blok B kadar Ni 1,9%","PT Multi Dinar Karya, Laporan RKAB Tahun 2021",1653,122.184,-0.9889,IUP,"Rapalemba, Uebae, Pusungi dan Marowo Kec. Ampana Kota, Ampana Tete dan Kec. Ulubongka Kab. Tojo Una-Una",10800,"Mei 24, 2031","Mei 24, 2011",57051.195,211.845,142554.151
Bungku Pesisir,Morowali,Nikel Matarape,1.376.000.000,Nikel,Ni,Logam Besi dan Paduan Besi,Matarape,Sulawesi Tengah,Operasi Produksi,0,0,"Blok 4 dan Blok 5 (LGL, HGL, LGS, HGS)","PT Nusajaya Persadatama Mandiri, Laporan RKAB Tahun 2020",1396,122.275,-3.131,IUP,Menui Kepulauan,1825,"Juni 23, 2035","Juni 23, 2024",37794.129,1554.464,9091.578
Bahodopi,Morowali,Nikel Sumbatu,2.575.000.000,Nikel,Ni,Logam Besi dan Paduan Besi,Sumbatu,Sulawesi Tengah,Operasi Produksi,21974228,310.321.939.340,12 blok,"PT Oti Eya Abadi, Laporan RKAB Tahun 2020",1597,121.994,-2.82,IUP,"Desa Lele, Dampala dan Siumbatu Kecamatan Bahodopi Kabupaten Morowali Provinsi Sulawesi Tengah",3339.23,"Mei 15, 2038","Mei 15, 2018",19028.150,5557.380,9793.034
Bungku Selatan,Morowali,Nikel Laro Enai,1.920.000.000,Nikel,Ni,Logam Besi dan Paduan Besi,Laro Enai,Sulawesi Tengah,Operasi Produksi,566400,9855.36,"Blok BCL A, BCL B, Kartini B, Tiara","PT PAM Mineral, Prospektus Penawaran Saham Perdana Tahun 2020",1452,122.245,-3.042,IUP,"Desa Buleleng dan laro'enai, Kec. bungku Pesisir, kab. Morowali, Provinsi Sulawesi Tengah",198,"April 15, 2035","November 17, 2024",27403.185,64.574,2946.288
Pagimana,Banggai,Nikel Siuna,1.367.000.000,Nikel,Ni,Logam Besi dan Paduan Besi,Siuna,Sulawesi Tengah,Operasi Produksi,0,0,"Blok 1,2,3,4","PT Penta Dharma Karsa, Laporan RKAB Tahun 2019 (Tabulasi Dinas ESDM Provinsi)",1387,122.99,-0.735,IUP,"Desa Siuna, Kec Pagimana, Kab. Banggai",1220,"Agustus 19, 2026","Agustus 19, 2016",32172.685,640.858,228675.522
Pagimana,Banggai,Nikel Siuna 2,2.810.000.000,Nikel,Ni,Logam Besi dan Paduan Besi,Siuna 2,Sulawesi Tengah,Operasi Produksi,4440000,54390,"4 blok, logam ikutan bijih nikel laterit, kadar Fe %","PT Prima Dharma Karsa, Laporan RKAB Tahun 2020",1628,122.9913,-0.7334,IUP,"Desa Siuna, Kec. Pagimana, Kab. Banggai",938,"Agustus 19, 2026","Agustus 19, 2016",32399.822,815.646,228896.312
Bungku Selatan,Morowali,Nikel Torette 2,2.811.000.000,Nikel,Ni,Logam Besi dan Paduan Besi,Torette 2,Sulawesi Tengah,Operasi Produksi,9004800,110992.84,"Kadar Ni 1,1% s.d. 1,7%","PT Raihan Caturputra, Laporan RKAB Tahun 2020",1629,122.2037,-2.9681,IUP,"Desa Torete, Kecamatan Buku Pesisir, Kabupaten Morowali, Sulawesi Tengah",688,"Desember 13, 2035","Desember 13, 2013",18258.875,1229.864,11624.890
Lembo,Morowali Utara,Nikel Korowou,2.573.000.000,Nikel,Ni,Logam Besi dan Paduan Besi,Korowou,Sulawesi Tengah,Operasi Produksi,2271413,27.506.811.430,"Blok 1, Blok 2","PT Sarana Mineralindo Perkasa, Laporan RKAB Tahun 2019 (Tabulasi Dinas ESDM Provinsi)",1595,121.365,-2.14,IUP,"Desa Korowou, Molindo dan Bimor Jaya Kec. Petasia",4656,"November 12, 2032","Agustus 9, 2017",17946.518,1730.942,22398.447
Toili Barat,Banggai,Nikel Sumber Agung 1,2.580.000.000,Nikel,Ni,Logam Besi dan Paduan Besi,Sumber Agung 1,Sulawesi Tengah,Operasi Produksi,0,0,"Laterit wmt, kadar Ni 1,2%","PT Sinar Makmur Cemerlang, Laporan Revisi RKAB Tahun 2020",1602,122.223,-1.353,IUP,"Kec. Batui, Banggai",3099,"Mei 14, 2035","September 2, 2015",41809.218,3323.626,119603.847
Petasia Timur,Morowali Utara,Nikel Bimor Jaya,1.947.000.000,Nikel,Ni,Logam Besi dan Paduan Besi,Bimor Jaya,Sulawesi Tengah,Eksplorasi,19387306.09,278.207.842.391,"Kadar Fe 21,01%","PT Sinosteel Indonesia Mining, Laporan RKAB Tahun 2020 (Tabulasi Ditjen Minerba)",1479,121.467,-2.124,IUP,Kec. Kembo raya dan Petasia,2038.7,"Desember 30, 2041","Desember 30, 2021",,,
Petasia Timur,Morowali Utara,Nikel Molino 2,2.579.000.000,Nikel,Ni,Logam Besi dan Paduan Besi,Molino 2,Sulawesi Tengah,Operasi Produksi,76832,1.229.312,"Blok 1, Blok 2, Blok 3","PT Sumber Permata Selaras, Laporan RKAB Tahun 2019 (Tabulasi Dinas ESDM Provinsi)",1601,121.473,-2.139,IUP,Desa ganda-ganda Kec. Petasia,424,"September 22, 2030","September 22, 2020",22098.642,399.361,27518.094
Petasia dan Soyojaya,Morowali Utara,Nikel Towi,2.812.000.000,Nikel,Ni,Logam Besi dan Paduan Besi,Towi,Sulawesi Tengah,Operasi Produksi,38522466,456.105.961.234,"Blok GGU dan Blok GGS, saprolit dan limonit","PT Sumber Swarma Pratama, Laporan RKAB Tahun 2022",1630,121.2566,-1.9004,IUP,Desa Ganda-Ganda dan Towi Kec. Petasia dan Soyo Jaya,2641,"Juli 11, 2031","September 19, 2019",12432.307,1658.403,8582.615
Bungku Selatan,Morowali,Nikel Torette 1,2.577.000.000,Nikel,Ni,Logam Besi dan Paduan Besi,Torette 1,Sulawesi Tengah,Operasi Produksi,3300000,39270,"Kadar Ni 1,1% - 1,7%","PT Teknik Alum Service, Laporan RKAB Tahun 2020",1599,122.214,-2.994,IUP,"Desa Buleleng dan Torete, Kec. Bungku Selatan, Kab. Morowali",1301,"Mei 6, 2029","Juni 19, 2012",21336.344,897.175,8743.135
Bungku Selatan,Morowali,Nikel Buleleng,2.578.000.000,Nikel,Ni,Logam Besi dan Paduan Besi,Buleleng,Sulawesi Tengah,Operasi Produksi,0,0,"Kadar Ni 1,4% dan 1,7%","PT Teknik Alum Service, Laporan RKAB Tahun 2020",1600,122.232,-3.023,IUP,"Desa Buleleng dan Torete, Kec. Bungku Selatan, Kab. Morowali",1301,"Mei 6, 2029","Juni 19, 2012",23904.341,305.047,5158.916
Bungku Selatan,Morowali,Nikel One Ete,1.379.000.000,Nikel,Ni,Logam Besi dan Paduan Besi,One Ete,Sulawesi Tengah,Operasi Produksi,15557815,22.325.464.525,Blok Utara (A) dan Blok Selatan (B),"PT Total Prima Indonesia, Laporan RKAB Tahun 2019 (Tabulasi Dinas ESDM Provinsi)",1399,122.303,-2.941,IUP,"Desa Tangofa Kec. Bungku Selatan, Kab. Morowali",1142,"Mei 20, 2031","Mei 23, 2011",20528.092,753.785,12463.109
Bungku Timur,Morowali,Nikel Bahodopi Block 1,271.000.000,Nikel,Ni,Logam Besi dan Paduan Besi,Bahodopi Block 1,Sulawesi Tengah,Eksplorasi,2400000,218400,Bijih kering,"PT Vale, Laporan RKAB Tahun 2020 (Tabulasi Ditjen Minerba)",1291,121.881,-2.691,IUPK,Blok Bahodopi. Kab. Morowali dan Kab. Luwu Timur,22699,"Desember 28, 2035","Mei 3, 2024",,,
Bungku Timur,Morowali,"Nikel Bahodopi Block 2,3 & 4",272.000.000,Nikel,Ni,Logam Besi dan Paduan Besi,"Bahodopi Block 2,3 & 4",Sulawesi Tengah,Eksplorasi,0,0,-,"PT Vale, Laporan RKAB Tahun 2020 (Tabulasi Ditjen Minerba)",1292,121.91,-2.694,IUPK,Blok Bahodopi. Kab. Morowali dan Kab. Luwu Timur,22699,"Desember 28, 2035","Mei 3, 2024",,,
Bungku Pesisir,Morowali,Nikel Sambalagi 1,2.854.000.000,Nikel,Ni,Logam Besi dan Paduan Besi,Sambalagi 1,Sulawesi Tengah,Operasi Produksi,6680000,84168,"Blok A dan Blok B, kadar Ni 1,4% - 2%","PT Wosindo Perkasa, Laporan RKAB Tahun 2021",1651,122.273,-3.1301,IUP,Kecamatan Sambalagi Kabupaten Morowali,477,"September 24, 2031","September 24, 2021",37586.183,1626.119,8982.856
Molawe,Konawe Utara,Nikel Tapunggaya,2.145.000.000,Nikel,Ni,Logam Besi dan Paduan Besi,Tapunggaya,Sulawesi Tenggara,Operasi Produksi,2453860,26.496.753.675,"4 blok laterit, kadar Ni 1,1% s.d. 1,7%","CV Unaaha Bakti Persada, Laporan RKAB Tahun 2022",1494,122.235,-3.392,IUP,Langgikima,159,"Desember 15, 2031","Desember 15, 2011",65035.127,200.986,38145.008
Langgikima,Konawe Utara,Nikel Lameluru,1.188.000.000,Nikel,Ni,Logam Besi dan Paduan Besi,Lameluru,Sulawesi Tenggara,Operasi Produksi,0,0,"Kadar Ni 1,5 - 2,0%","Laporan PT Bhumi Swadatya Mineral, 2012",1377,122.3,-3.281,IUP,Desa Lameruru Kec. Langgikima Kab. Konawe Utara,317,"Desember 22, 2029","Desember 22, 2009",54397.377,88.700,25872.279
Pomalaa,Kolaka,Nikel Pesohua,1.389.000.000,Nikel,Ni,Logam Besi dan Paduan Besi,Pesohua,Sulawesi Tenggara,Operasi Produksi,1011059,120.316.021,"Kadar Ni 1,4% - 1,9%","PD Aneka Usaha Kolaka, Laporan RKAB Tahun 2020",1407,121.6393,-4.2036,IUP,Pomalaa,340,"April 1, 2028","April 2, 2018",5553.200,835.385,4747.146
Langgikima,Konawe Utara,Nikel Blok B Lameluru,2.789.000.000,Nikel,Ni,Logam Besi dan Paduan Besi,Blok B Lameluru,Sulawesi Tenggara,Operasi Produksi,2098567,26.225.801.840,"3 blok, kadar Ni 1,74% s.d. 1,86%","PT Adhi Kartiko Pratama, Laporan RKAB Tahun 2020",1607,122.2801,-3.2635,IUP,"Kec. Langgikima, Kab. Konut",1975,"Desember 13, 2030","Desember 14, 2010",52041.612,919.588,23753.444
Langgikima,Konawe Utara,Nikel Blok A Lameruru,1.935.000.000,Nikel,Ni,Logam Besi dan Paduan Besi,Blok A Lameruru,Sulawesi Tenggara,Operasi Produksi,0,0,Blok A1 - A3,"PT Adhi Kartiko Pratama, Laporan RKAB Tahun 2022",1467,122.261,-3.263,IUP,"Kec. Langgikima, Kab. Konut",1975,"Desember 13, 2030","Desember 14, 2010",51471.428,1403.219,23698.708
Pomalaa,Kolaka,Nikel Hakatutobu,1.925.000.000,Nikel,Ni,Logam Besi dan Paduan Besi,Hakatutobu,Sulawesi Tenggara,Eksplorasi,6705747,657.163.206,"Kadar Ni 1% s.d. 1,8%","PT Akar Mas Internasional, Laporan RKAB Tahun 2019 (Tabulasi Dinas ESDM Provinsi)",1457,121.592,-4.251,IUP,Pomalaa,225,"September 7, 2029","September 7, 2009",,,
Tolala,Kolaka Utara,Nikel Tolala 1,2.565.000.000,Nikel,Ni,Logam Besi dan Paduan Besi,Tolala 1,Sulawesi Tenggara,Operasi Produksi,0,0,"Kadar Ni 0,9% s.d. 1,5%","PT Alam Mitra Indah Nugraha, Laporan RKAB Tahun 2022",1587,121.107,-2.891,IUP,Kec.Tolala,221,"Januari 12, 2027","Januari 12, 2012",17370.486,2270.843,46550.205
Kabaena Selatan,Bombana,Nikel Teomokole,2.534.000.000,Nikel,Ni,Logam Besi dan Paduan Besi,Teomokole,Sulawesi Tenggara,Operasi Produksi,600000,6930,"Laterit, 2 blok","PT Almharig, Laporan RKAB Tahun 2020",1556,121.8581,-5.2946,IUP,Kecamatan Kabaena dan Kabaena Selatan,2018,"September 7, 2032","Desember 15, 2021",7878.149,177.704,46562.030
Wundulako,Kolaka Timur,Nikel Maniang,302.000.000,Nikel,Ni,Logam Besi dan Paduan Besi,Maniang,Sulawesi Tenggara,Eksplorasi Rinci,0,0,-,"PT Antam Tbk, Annual Report 2006",1315,121.479,-4.203,IUP,Pulau Maniang,195,"Februari 28, 2033","Februari 28, 2023",,,
Asera,Konawe Utara,Nikel Lalindu dan Lasolo,1.922.000.000,Nikel,Ni,Logam Besi dan Paduan Besi,Lalindu dan Lasolo,Sulawesi Tenggara,Eksplorasi,0,0,Limonit-Saprolit (wmt),"PT Antam, Annual Report Tahun 2021",1454,122.154,-3.468,IUP,"Kec. Asera dan Molawe, Kab. Konawe",16920,"April 29, 2030","April 29, 2010",,,
Pomalaa,Kolaka,Nikel Pomalaa (Tambang Tengah) (WSPM 014),1.923.000.000,Nikel,Ni,Logam Besi dan Paduan Besi,Pomalaa (Tambang Tengah) (WSPM 014),Sulawesi Tenggara,Operasi Produksi,1780000,22525.3,Limonit-Saprolit (wmt),"PT Antam, Annual Report Tahun 2021",1455,121.613,-4.229,IUP,Kec. Pomalaa,1954,"Juni 25, 2030","Mei 18, 2020",6230.121,1375.499,4404.607
Molawe,Konawe Utara,Nikel Tapunopaka,291.000.000,Nikel,Ni,Logam Besi dan Paduan Besi,Tapunopaka,Sulawesi Tenggara,Eksplorasi,17340000,210768.6,Limonit-Saprolit (wmt),"PT Antam, Laporan RKAB Tahun 2022",1307,122.253,-3.502,IUP,"Kec. Lasolo, Konawe",6213,"Januari 11, 2030","Januari 11, 2010",,,
Molawe,Konawe Utara,Nikel Mandiodo,294.000.000,Nikel,Ni,Logam Besi dan Paduan Besi,Mandiodo,Sulawesi Tenggara,Eksplorasi,0,0,Limonit-Saprolit (wmt),"PT Antam, Laporan RKAB Tahun 2022",1308,122.246,-3.537,IUP,"Kec. Lasolo, Konawe",6213,"Januari 11, 2030","Januari 11, 2010",,,
Molawe,Konawe Utara,Nikel Bahubulu,295.000.000,Nikel,Ni,Logam Besi dan Paduan Besi,Bahubulu,Sulawesi Tenggara,Operasi Produksi,0,0,Limonit-Saprolit (wmt),"PT Antam, Laporan RKAB Tahun 2022",1309,122.325,-3.567,IUP,"Kec. Lasolo, Konawe",6213,"Januari 11, 2030","Januari 11, 2010",52880.919,10063.228,38665.490
Pomalaa,Kolaka,Nikel WSPM 017,1.950.000.000,Nikel,Ni,Logam Besi dan Paduan Besi,WSPM 017,Sulawesi Tenggara,Operasi Produksi,0,0,"Limonit dan saprolit, kadar Ni 1,27% s.d. 1.72%","PT Antam, Laporan RKAB Tahun 2022",1482,121.536,-4.263,IUP,Kec. Pomalaa,584.3,"Maret 14, 2034","Mei 18, 2020",11981.177,2926.315,3483.409
Pomalaa,Kolaka,Nikel WSPM 016,1.951.000.000,Nikel,Ni,Logam Besi dan Paduan Besi,WSPM 016,Sulawesi Tenggara,Operasi Produksi,1930000,24792.6,"Limonit dan saprolit, kadar Ni 1,36% s.d. 1,83%","PT Antam, Laporan RKAB Tahun 2022",1483,121.63,-4.204,IUP,Kec. Pomalaa,2712,"Maret 14, 2034","Mei 18, 2020",4783.091,1857.652,3777.922
Pomalaa,Kolaka,Nikel WSPM 015,1.952.000.000,Nikel,Ni,Logam Besi dan Paduan Besi,WSPM 015,Sulawesi Tenggara,Operasi Produksi,2840000,38337.6,"Limonit dan saprolit, kadar Ni 1,38% s.d. 2%","PT Antam, Laporan RKAB Tahun 2022",1484,121.553,-4.278,IUP,Kec. Pomalaa,878.2,"Juni 25, 2030","Mei 18, 2020",12495.622,185.727,1603.080
Kabaena Selatan,Bombana,"Nikel Salgado, Purano, Bangko",311.000.000,Nikel,Ni,Logam Besi dan Paduan Besi,"Salgado, Purano, Bangko",Sulawesi Tenggara,Operasi Produksi,5252000,61136.6,"Kadar Ni 1,1% - 2,2%","PT Anugrah Harisma Barakah, Laporan RKAB Tahun 2022",1322,121.934,-5.413,IUP,Kec. Talaga Kab. Buton dan Kec Kabaena Selatan,2527,"Juli 25, 2030","Juli 26, 2010",16534.744,625.993,57702.590
Molawe,Konawe Utara,Nikel Tapunggaya 2,2.555.000.000,Nikel,Ni,Logam Besi dan Paduan Besi,Tapunggaya 2,Sulawesi Tenggara,Operasi Produksi,300000,4800,"4 blok, Blok A mempunyai cadangan, kadar rata-rata 1,6%","PT Apollo Nickel Indonesia, Laporan RKAB Tahun 2020",1577,122.3632,-3.3867,IUP,Kec. Lasolo,106,"Oktober 21, 2031","Oktober 31, 2011",67719.830,2244.524,38745.133
Talagaraya,Buton Tengah,Nikel Talaga Besar,1.419.000.000,Nikel,Ni,Logam Besi dan Paduan Besi,Talaga Besar,Sulawesi Tenggara,Operasi Produksi,2230000,27629.7,"Kadar Ni 1,2% - 1,77%","PT Arga Morini Indah, Laporan RKAB 2020 (Tabulasi Dinas ESDM Provinsi)",1428,122.033,-5.414,IUP,Kec. Talaga Raya,2834.96,"Juli 11, 2027","Juli 12, 2007",10615.775,463.790,57734.869
Talaga Raya,Buton,Nikel Wulu,2.790.000.000,Nikel,Ni,Logam Besi dan Paduan Besi,Wulu,Sulawesi Tenggara,Operasi Produksi,2230000,27629.7,"Blok I - IV, Ni 1,2% s.d. 1,77%","PT Arga Morini Indah, Laporan RKAB Tahun 2020",1608,122.0012,-5.436,IUP,Kec. Talaga Raya,2834.96,"Juli 11, 2027","Juli 12, 2007",13982.161,514.783,59963.999
Molawe,Konawe Utara,Nikel Tapunggaya 4 (Blok Utara),2.557.000.000,Nikel,Ni,Logam Besi dan Paduan Besi,Tapunggaya 4 (Blok Utara),Sulawesi Tenggara,Operasi Produksi,420000,4821.6,"Kadar Ni 1,1% s.d. 2,6%","PT Bhumi Karya Utama, Laporan RKAB Tahun 2022",1579,122.2748,-3.3543,IUP,"Kec. Langgikima, Konawe Utara",310,"Desember 12, 2032","Juni 5, 2017",61668.289,433.844,33733.667
Molawe,Konawe Utara,Nikel Tapunggaya 4 (Blok Selatan),2.795.000.000,Nikel,Ni,Logam Besi dan Paduan Besi,Tapunggaya 4 (Blok Selatan),Sulawesi Tenggara,Operasi Produksi,560000,6546.4,"Kadar Ni 1,1% s.d. 2,6%","PT Bhumi Karya Utama, Laporan RKAB Tahun 2022",1613,122.2657,-3.3728,IUP,"Kec. Langgikima, Konawe Utara",310,"Desember 12, 2032","Juni 5, 2017",63487.908,641.334,35820.277
Molawe,Konawe Utara,Nikel Binanga,2.788.000.000,Nikel,Ni,Logam Besi dan Paduan Besi,Binanga,Sulawesi Tenggara,Operasi Produksi,197925,2.528.491.875,"Kadar Ni 1,7% - 1,95%","PT Binanga Hartama Raya, Laporan RKAB Tahun 2020",1606,122.3089,-3.3755,IUP,Kec. Lasolo,185,"Juni 23, 2031","Juni 23, 2011",64799.689,590.464,36364.714
Pomalaa,Kolaka,Nikel Tambea,2.531.000.000,Nikel,Ni,Logam Besi dan Paduan Besi,Tambea,Sulawesi Tenggara,Operasi Produksi,500000,5775,"Blok A, B, C dan D, kadar Ni 1,6% - 1,65%","PT Bola Dunia Mandiri, Laporan RKAB Tahun 2020",1553,121.6219,-4.2548,IUP,"Kec. Pomalaa, Kab. Kolaka",260,"Agustus 26, 2027","Agustus 26, 2017",9244.335,182.185,6476.735
Molawe,Konawe Utara,Nikel Morombo (Bososi),1.161.000.000,Nikel,Ni,Logam Besi dan Paduan Besi,Morombo (Bososi),Sulawesi Tenggara,Operasi Produksi,374000,3896.06,"Kadar Ni > 1,5% (sumber daya) dan > 1,7% (cadangan)","PT Bososi Pratama, Laporan RKAB Tahun 2022",1369,122.201,-3.378,IUP,"Kec. Langgikima, Kab. Konawe Utara",1850,"Juni 6, 2031","Juni 6, 2011",63191.318,3055.373,37204.257
Langgikima,Konawe Utara,Nikel Wawoheo,2.144.000.000,Nikel,Ni,Logam Besi dan Paduan Besi,Wawoheo,Sulawesi Tenggara,Operasi Produksi,0,0,"Pit Mawar, Pit Melati dan Pit Matahari, kadar Ni 1,6% s.d. 2%","PT Bosowa Mining, Laporan RKAB Tahun 2022",1493,122.234,-3.195,IUP,"Kec. Wiwirano, Kab. Konawe Utara",1500,"Maret 28, 2031","Januari 28, 2011",43513.992,56.367,16659.753
Kab. Buton,Buton,Nikel Wakalambe,1.420.000.000,Nikel,Ni,Logam Besi dan Paduan Besi,Wakalambe,Sulawesi Tenggara,Operasi Produksi,0,0,"Kadar Ni 1,12%","PT Bumi Buton Delta Megah, 2013",1429,122.792,-5.264,IUP,Kec. Kapontori,675,"September 4, 2029","September 4, 2009",22585.652,276.792,98177.205
Motui,Konawe Utara,Nikel Matandahi,1.397.000.000,Nikel,Ni,Logam Besi dan Paduan Besi,Matandahi,Sulawesi Tenggara,Operasi Produksi,1430000,16016,"Blok I, Blok II dan Blok III, kadar Ni 1,,49% s.d. 1,61%","PT Bumi Konawe Abadi, Laporan RKAB Tahun 2020",1411,122.4413,-3.8204,IUP,Kec. Sawa Kab. Konawe Utara,419.6,"Desember 22, 2027","Desember 22, 2009",22645.856,523.672,9541.335
Asera,Konawe Utara,Nikel Walalindu,1.395.000.000,Nikel,Ni,Logam Besi dan Paduan Besi,Walalindu,Sulawesi Tenggara,Operasi Produksi,0,0,"Kadar Ni 1,65%","PT Bumi Konawe Minerina, 2015",1410,122.104,-3.483,IUP,Kec. Molawe,616,"Desember 22, 2027","Juni 12, 2017",74977.258,593.661,51449.157
Molawe,Konawe Utara,Nikel Walalindu 1,1.930.000.000,Nikel,Ni,Logam Besi dan Paduan Besi,Walalindu 1,Sulawesi Tenggara,Operasi Produksi,3161107,40.142.444.930,"5 blok, saprolit Ni 1,93% , limonit Ni 1,5%","PT Bumi Konawe Minerina, Laporan RKAB Tahun 2020 (Tabulasi Ditjen Minerba)",1462,122.2274,-3.5594,IUP,Kec. Molawe,616,"Desember 22, 2027","Juni 12, 2017",60011.478,42.963,43612.310
Wawonii Tenggara,Konawe Kepulauan,Nikel Mosolo,2.523.000.000,Nikel,Ni,Logam Besi dan Paduan Besi,Mosolo,Sulawesi Tenggara,Eksplorasi,0,0,Blok Utara,"PT Bumi Konawe Mining, Assesment Report 2018",1545,123.153,-4.193,IUP,"Kec. Wawonii timur dan Wawonii Tenggara, Kab. Konawe",3175,"Desember 30, 2028","Agustus 2, 2010",,,
Wawonii Tenggara,Konawe Kepulauan,Nikel Nambo Jaya,2.524.000.000,Nikel,Ni,Logam Besi dan Paduan Besi,Nambo Jaya,Sulawesi Tenggara,Eksplorasi,0,0,Blok Selatan,"PT Bumi Konawe Mining, Assesment Report 2018",1546,123.138,-4.23,IUP,"Kec. Wawonii timur dan Wawonii Tenggara, Kab. Konawe",3175,"Desember 30, 2028","Agustus 2, 2010",,,
Andowia,Konawe Utara,Nikel Lahimbua,2.553.000.000,Nikel,Ni,Logam Besi dan Paduan Besi,Lahimbua,Sulawesi Tenggara,Operasi Produksi,1438951,181.307.826,-,"PT Bumi Nikel Nusantara, Laporan RKAB Tahun 2019 (Tabulasi Dinas ESDM Provinsi)",1575,122.158,-3.522,IUP,"Molawe, Konawe Utara",386.49,"Maret 10, 2032","Oktober 16, 2018",68241.817,445.742,51200.660
Wolo,Kolaka,Nikel Samaenre,2.148.000.000,Nikel,Ni,Logam Besi dan Paduan Besi,Samaenre,Sulawesi Tenggara,Operasi Produksi,0,0,Pit Tenggara 1-4,"PT Ceria Nugraha Indotama, Laporan RKAB Tahun 2019 (Adendum)",1497,121.319,-3.878,IUP,"Kel Wolo, Uluwolo, Ponrewaru",6785,"April 23, 2032","April 23, 2012",34840.340,864.941,3574.904
Wolo,Kolaka,Nikel Pit Pao pao,301.000.000,Nikel,Ni,Logam Besi dan Paduan Besi,Pit Pao pao,Sulawesi Tenggara,Operasi Produksi,0,0,"wmt, CoG 1,3% Ni","PT Ceria Nugraha Indotama, Laporan RKAB Tahun 2020 (Tabulasi Dinas ESDM Provinsi)",1314,121.289,-3.852,IUP,"Kel Wolo, Uluwolo, Ponrewaru",6785,"April 23, 2032","April 23, 2012",39216.248,60.637,1013.294
Wolo,Kolaka,Nikel Wolo,2.149.000.000,Nikel,Ni,Logam Besi dan Paduan Besi,Wolo,Sulawesi Tenggara,Operasi Produksi,0,0,"Pit Utara 1, Pit Utara 2","PT Ceria Nugraha Indotama, Laporan RKAB Tahun 2020 (Tabulasi Dinas ESDM Provinsi)",1498,121.269,-3.843,IUP,"Kel Wolo, Uluwolo, Ponrewaru",6785,"April 23, 2032","April 23, 2012",41609.079,121.664,3423.913
Wolo,Kolaka,Nikel Ruby,2.150.000.000,Nikel,Ni,Logam Besi dan Paduan Besi,Ruby,Sulawesi Tenggara,Operasi Produksi,0,0,"CoG 1,4%","PT Ceria Nugraha Indotama, Laporan RKAB Tahun 2020 (Tabulasi Dinas ESDM Provinsi)",1499,121.286,-3.872,IUP,"Kel Wolo, Uluwolo, Ponrewaru",6785,"April 23, 2032","April 23, 2012",38272.156,2165.170,2441.591
Wolo,Kolaka,Nikel Jessica,2.151.000.000,Nikel,Ni,Logam Besi dan Paduan Besi,Jessica,Sulawesi Tenggara,Operasi Produksi,0,0,"CoG 1,5%","PT Ceria Nugraha Indotama, Laporan RKAB Tahun 2020 (Tabulasi Dinas ESDM Provinsi)",1500,121.287,-3.864,IUP,"Kel Wolo, Uluwolo, Ponrewaru",6785,"April 23, 2032","April 23, 2012",38655.612,1358.340,1685.468
Wolo,Kolaka,Nikel Emerald,2.528.000.000,Nikel,Ni,Logam Besi dan Paduan Besi,Emerald,Sulawesi Tenggara,Operasi Produksi,0,0,"CoG 1,3% Ni, kadar Ni 1,7%","PT Ceria Nugraha Indotama, Laporan RKAB Tahun 2020 (Tabulasi Dinas ESDM Provinsi)",1550,121.24,-3.868,IUP,"Kel Wolo, Uluwolo, Ponrewaru",6785,"April 23, 2032","April 23, 2012",42901.677,1198.794,6638.520
Wolo,Kolaka,Nikel Saphire,2.529.000.000,Nikel,Ni,Logam Besi dan Paduan Besi,Saphire,Sulawesi Tenggara,Operasi Produksi,0,0,"CoG 1,2% Ni, kadar Ni 1,57%","PT Ceria Nugraha Indotama, Laporan RKAB Tahun 2020 (Tabulasi Dinas ESDM Provinsi)",1551,121.28,-3.876,IUP,"Kel Wolo, Uluwolo, Ponrewaru",6785,"April 23, 2032","April 23, 2012",38609.418,1887.497,3191.742
Molawe,Konawe Utara,Nikel Mandiodo 1,1.398.000.000,Nikel,Ni,Logam Besi dan Paduan Besi,Mandiodo 1,Sulawesi Tenggara,Operasi Produksi,405879.92,3.977.623.216,"Kadar Ni 1,4%","PT Cinta Jaya, Laporan RKAB Tahun 2022",1412,122.2168,-3.5615,IUP,Kec. Molawe,309,"Desember 22, 2027","Maret 29, 2017",60610.215,1.374,43998.730
Molawe,Konawe Utara,Nikel Tapungjaya 1,2.164.000.000,Nikel,Ni,Logam Besi dan Paduan Besi,Tapungjaya 1,Sulawesi Tenggara,Operasi Produksi,1333976.72,13.072.971.856,-,"PT Cinta Jaya, Laporan RKAB Tahun 2022",1513,122.1969,-3.5632,IUP,Kec. Molawe,309,"Desember 22, 2027","Maret 29, 2017",61962.057,63.471,45009.319
Langgikima,Konawe Utara,Nikel Wiwirano,2.547.000.000,Nikel,Ni,Logam Besi dan Paduan Besi,Wiwirano,Sulawesi Tenggara,Operasi Produksi,0,0,-,"PT Cipta Djaya Selaras Mining, Laporan Studi Kelayakan Tahun 2013",1569,122.237,-3.167,IUP,"Desa Wiwirano, Kec. Wiwirano",634.8,"Juni 23, 2030","Juni 23, 2010",40535.271,1419.034,13582.788
Langgikima,Konawe Utara,Nikel Molore,2.546.000.000,Nikel,Ni,Logam Besi dan Paduan Besi,Molore,Sulawesi Tenggara,Operasi Produksi,1292158,144.721.696,"Kadar Ni 1,3% dan 1,8%","PT Cipta Djaya Surya, Laporan RKAB Tahun 2022",1568,122.288,-3.336,IUP,"Desa Molore, Kec. Langgikima",195.7,"Juni 7, 2030","Juni 7, 2010",60004.395,176.663,31805.716
Langgikima,Konawe Utara,Nikel Blok Paka Indah,1.932.000.000,Nikel,Ni,Logam Besi dan Paduan Besi,Blok Paka Indah,Sulawesi Tenggara,Operasi Produksi,0,0,-,"PT Cipta Djaya Surya, Laporan Studi Kelayakan Tahun 2013",1464,122.165,-3.362,IUP,"Desa Molore, Kec. Langgikima",195.7,"Juni 7, 2030","Juni 7, 2010",61293.118,1925.448,36557.269
Lasusua,Kolaka Utara,Nikel Pitulua,1.599.000.000,Nikel,Ni,Logam Besi dan Paduan Besi,Pitulua,Sulawesi Tenggara,Operasi Produksi,0,0,-,"PT Citra Silika Mallawa, 2013",1450,120.965,-3.617,IUP,Kec. Lasusua,475,"Maret 14, 2026","Maret 14, 2011",24061.944,908.633,45301.967
Molawe,Konawe Utara,Nikel Pasir Panjang Boedingle,2.559.000.000,Nikel,Ni,Logam Besi dan Paduan Besi,Pasir Panjang Boedingle,Sulawesi Tenggara,Operasi Produksi,1515311,20.683.995.150,"Kadar Ni 1,64% s.d.1,95%","PT Daka Group, Laporan RKAB Tahun 2020",1581,122.3821,-3.455,IUP,"Kec. Lasolo, Konawe Utara",200,"Mei 21, 2031","Mei 21, 2012",61157.722,306.198,46584.187
Tanggetada,Kolaka,Nikel Tambea,1.927.000.000,Nikel,Ni,Logam Besi dan Paduan Besi,Tambea,Sulawesi Tenggara,Operasi Produksi,0,0,-,"PT Dharma Bumi Kendari, 2015",1459,121.678,-4.303,IUP,"Kec. Tanggetada/Lambandia, Kab. Kolaka",1000,"Desember 31, 2027","April 12, 2010",16723.923,241.967,12889.288
Tanggetada,Kolaka,Nikel Lamendai,1.392.000.000,Nikel,Ni,Logam Besi dan Paduan Besi,Lamendai,Sulawesi Tenggara,Operasi Produksi,0,0,-,"PT Dharma Bumi Kolaka, 2015",1408,121.695,-4.312,IUP,"Kec. Tanggetada/Lambandia, Kab. Kolaka",1075,"April 12, 2030","April 12, 2010",18597.252,563.849,14980.435
Lasolo,Konawe Utara,Nikel Blok DTGP-1 (A),2.941.000.000,Nikel,Ni,Logam Besi dan Paduan Besi,Blok DTGP-1 (A),Sulawesi Tenggara,Operasi Produksi,1512500,18.104.625,"Kadar Ni 0,8% - 1,76%, Kadar Fe 19,78% - 38,45%","PT Duta Tambang Gunung Perkasa, Laporan RKAB Tahun 2022",1661,122.2637,-3.3884,IUP,"Kec. Lasolo, Kab. Konawe Utara",138.2,"Oktober 21, 2031","Oktober 21, 2011",65148.518,182.154,37548.988
Lasolo,Konawe Utara,Nikel Lasolo (DMS),1.187.000.000,Nikel,Ni,Logam Besi dan Paduan Besi,Lasolo (DMS),Sulawesi Tenggara,Operasi Produksi,3598278,453.383.028,"Blok A, B, C, D dan E, kadar Ni 1,65% - 1,8%","PT Dwimitra Multiguna Sejahtera, Laporan RKAB Tahun 2020",1376,122.258,-3.672,IUP,Kec. Lasolo,130,"Juli 14, 2030","Juli 14, 2010",48657.105,385.358,31238.897
Molawe,Konawe Utara,Nikel Morombo 1,1.945.000.000,Nikel,Ni,Logam Besi dan Paduan Besi,Morombo 1,Sulawesi Tenggara,Operasi Produksi,1816089,22.540.480.410,"Blok Yudistira dan Blok Olivin, kadar Ni 1,55% s.d. 1,80%","PT Elit Kharisma Utama, Laporan RKAB Tahun 2020",1477,122.235,-3.379,IUP,"Kec. Langgikima dan Lasolo, Konawe Utara",496.1,"Agustus 19, 2030","Agustus 19, 2010",63654.416,262.040,36715.552
Lasusua,Kolaka Utara,Nikel Blok PT FBS,2.942.000.000,Nikel,Ni,Logam Besi dan Paduan Besi,Blok PT FBS,Sulawesi Tenggara,Operasi Produksi,0,0,"Kadar Ni 2,05% - 2,33%, Kadar Fe 20,99% - 22,84%","PT Fatwa Bumi Sejahtera, Laporan RKAB Tahun 2022",1662,120.9152,-3.563,IUP,"Desa Pitulua, Kecamatan Lasusua",101,"Januari 26, 2017","Januari 27, 2012",16779.411,1314.046,53293.769
Wawonii Tengah,Konawe Kepulauan,Nikel Latambaga,2.525.000.000,Nikel,Ni,Logam Besi dan Paduan Besi,Latambaga,Sulawesi Tenggara,Eksplorasi,0,0,Blok Utara,"PT Gema Kreasi Perdana, Assesment Report 2018",1547,123.021,-4.086,IUP,"Kec. Wawonii Barat dan tengah, Kab. Konawe",958,"November 14, 2028","Januari 10, 2010",,,
Wawonii Tenggara,Konawe Kepulauan,Nikel Roko roko,1.254.000.000,Nikel,Ni,Logam Besi dan Paduan Besi,Roko roko,Sulawesi Tenggara,Operasi Produksi,2500000,21630,"Blok Arwana, Blok Elang, dan Blok Anoa","PT Gema Kreasi Perdana, Laporan RKAB Tahun 2022",1384,123.117,-4.217,IUP,"Kecamatan Wawonii Tenggara, Kabupaten Konawe Kepulauan, Provinsi Sulawesi Tenggara",850.9,"November 14, 2028","November 14, 2008",25951.204,3171.198,58233.737
Palangga Selatan,Konawe Selatan,Nikel Watumbohuti 1,1.415.000.000,Nikel,Ni,Logam Besi dan Paduan Besi,Watumbohuti 1,Sulawesi Tenggara,Operasi Produksi,995069,118.413.211,"Kadar Ni 1,7%","PT Generasi Agung Perkasa, Laporan RKAB Tahun 2019 (Tabulasi Dinas ESDM Provinsi)",1424,122.407,-4.409,IUP,Parasi dan sekitarnya Palangga Selatan,584,"November 12, 2028","November 12, 2018",6935.458,566.137,7613.095
Laeya,Konawe Selatan,Nikel Sangi sangi,1.417.000.000,Nikel,Ni,Logam Besi dan Paduan Besi,Sangi sangi,Sulawesi Tenggara,Eksplorasi,1617508,16.983.834,"Blok Selatan, Blok Tengah, Blok Utara","PT Gerbang Multi Sejahtera, Laporan RKAB Tahun 2020",1426,122.459,-4.424,IUP,Desa Wia-Wia Kec. Laonti,2301.62,"Juli 30, 2038","Juli 30, 2018",,,
Tinanggea,Konawe Selatan,Nikel Blok Selatan Ngapaaha,2.179.000.000,Nikel,Ni,Logam Besi dan Paduan Besi,Blok Selatan Ngapaaha,Sulawesi Tenggara,Operasi Produksi,6954672,85.194.732,"Ironcap, limonit dan saprolit, kadar Ni > 0,6% (sumber daya) dan Ni > 1,1% (cadangan)","PT Ifishdeco, Laporan RKAB Tahun 2020",1529,122.1768,-4.396,IUP,Ngapaaha,800,"September 8, 2028","September 8, 2010",31584.754,461.116,2462.904
Tinanggea,Konawe Selatan,Nikel Blok Utara Ngapaaha,1.157.000.000,Nikel,Ni,Logam Besi dan Paduan Besi,Blok Utara Ngapaaha,Sulawesi Tenggara,Operasi Produksi,7499855,77.693.579.250,Iron Cap-Limonit-Saprolit,"PT Ifishdeco, Ringkasan Eksekutif Laporan JORC Cadangan Tahun 2018 dan laporan RKAB Tahun 2020",1367,122.179,-4.382,IUP,Ngapaaha,800,"September 8, 2028","September 8, 2010",31659.183,1331.176,3016.230
Langgikima,Konawe Utara,Nikel Lameruru,2.554.000.000,Nikel,Ni,Logam Besi dan Paduan Besi,Lameruru,Sulawesi Tenggara,Operasi Produksi,1100000,10844,"Blok Bitti, Mangrove dan Ulin, kadar Ni 1,58% - 1,83%","PT Indra Bakti Mustika, Annual Report Tahun 2021",1576,122.29,-3.2491,IUP,"Kec. Langgikima, Kab. Konawe Utara",576,"Januari 17, 2034","Maret 17, 2014",50757.460,68.356,22242.415
Laeya,Konawe Selatan,Nikel Wonua Kongga,2.152.000.000,Nikel,Ni,Logam Besi dan Paduan Besi,Wonua Kongga,Sulawesi Tenggara,Operasi Produksi,4169195,62626.19,"Blok 1 dan Blok 2, kadar Ni 1,5% s.d. 2%","PT Integra Mining Nusantara, Laporan RKAB Tahun 2022",1501,122.491,-4.435,IUP,"Desa Wonua Kongga, Kec. Laeya",100,"Januari 11, 2029","Januari 11, 2010",4012.861,36.222,15091.240
Palangga Selatan,Konawe Selatan,Nikel Wotumbohuti,1.414.000.000,Nikel,Ni,Logam Besi dan Paduan Besi,Wotumbohuti,Sulawesi Tenggara,Operasi Produksi,1087741,13.248.685.380,"Kadar Ni > 1,24% dan > 1,74%","PT Jagad Rayatama, Laporan RKAB Tahun 2020",1423,122.3912,-4.3925,IUP,"Desa Watumbohoti, Palngga Selatan, Konawe Selatan, Sulawesi Tenggara",1670,"Januari 27, 2027","Januari 27, 2017",9443.261,5.039,7974.312
Molawe,Konawe Utara,Nikel Wawalalindu,2.560.000.000,Nikel,Ni,Logam Besi dan Paduan Besi,Mandiodo 2,Sulawesi Tenggara,Operasi Produksi,4576650,579.861.555,"Kadar Ni 1,2% s.d. 1,81%","PT Kabaena Kromit Prathama, Laporan RKAB Tahun 2020",1582,122.1944,-3.577,IUP,"Kec. Molawe, Kab. Konawe Utara",102.6,"Desember 14, 2030","Desember 14, 2010",61052.763,62.809,51449.155
Langgikima,Konawe Utara,Nikel Lamonae 2,1.409.000.000,Nikel,Ni,Logam Besi dan Paduan Besi,Lamonae 2,Sulawesi Tenggara,Operasi Produksi,55811300,691879.65,"Blok K1, Blok K2 dan Blok E, kadar Ni 1,5% dan 1,8%","PT Karyatama Konawe Utara, Laporan RKAB Tahun 2020 (Tabulasi Ditjen Minerba)",1419,122.2549,-3.2295,IUP,"Kec. Asera, Konawe Utara",3119,"Desember 13, 2029","Agustus 1, 2017",47707.193,834.209,20046.419
Langgikimia,Konawe Utara,Nikel Tambakua,289.000.000,Nikel,Ni,Logam Besi dan Paduan Besi,Tambakua,Sulawesi Tenggara,Operasi Produksi,6340000,77076.3,"Kadar Ni 0,98% - 2,1%","PT Karyatama Konawe Utara, Laporan RKAB Tahun 2022 (tabulasi Ditjen Minerba)",1305,122.155,-3.304,IUP,"Kec. Asera, Konawe Utara",3119,"Desember 13, 2029","Agustus 1, 2017",54890.174,8.781,30996.868
Batu Putih,Kolaka Utara,Nikel Latou,357.000.000,Nikel,Ni,Logam Besi dan Paduan Besi,Latou,Sulawesi Tenggara,Operasi Produksi,728100,9.428.895,"Kadar Ni 1,3% - 1,9%","PT Kasmar Tiar Raya, Laporan RKAB Tahun 2020",1347,121.102,-3.074,IUP,Kec. Batu Putih,955,"Juni 21, 2031","Juni 21, 2021",37227.490,65.135,63602.566
Langgikima,Konawe Utara,Nikel Lameruru 1,2.796.000.000,Nikel,Ni,Logam Besi dan Paduan Besi,Lameruru 1,Sulawesi Tenggara,Operasi Produksi,0,0,Tidak ada data kadar Ni,"PT Kelompok Delapan Indonesia, Laporan RKAB Tahun 2020",1614,122.3033,-3.2574,IUP,"Kecamatan Langgikima, Konawe Utara",226.51,"September 16, 2030","Mei 4, 2020",52058.882,94.199,23340.180
Langgikima,Konawe Utara,Nikel Lamonae 1,1.394.000.000,Nikel,Ni,Logam Besi dan Paduan Besi,Lamonae 1,Sulawesi Tenggara,Operasi Produksi,0,0,"Kadar Ni 1,4%","PT Kembar Emas Sultra, 2013",1409,122.241,-3.28,IUP,Kecamatan Langgikima Kabupaten Konawe Utara,103,"Juli 12, 2031","Juli 12, 2011",52909.971,24.262,25765.420
Langgikima,Konawe Utara,Nikel Lameruru 2,1.931.000.000,Nikel,Ni,Logam Besi dan Paduan Besi,Lameruru 2,Sulawesi Tenggara,Operasi Produksi,0,0,-,"PT Kembar Emas Sultra, 2013",1463,122.245,-3.277,IUP,Kec. Langgikima Kabupaten Konawe Utara,467,"Juli 13, 2031","Juli 13, 2011",52656.109,385.335,25382.759
Tolala,Kolaka Utara,Nikel Blok A Tolala,297.000.000,Nikel,Ni,Logam Besi dan Paduan Besi,Blok A Tolala,Sulawesi Tenggara,Operasi Produksi,0,0,"Kadar Ni 0,8% - 2,1%","PT Kolaka Mineral Resources, 2015",1310,121.083,-2.833,IUP,"Desa Lawaki Jayaatikala, Tolala",2100,"Juli 16, 2029","Juli 17, 2009",10527.254,56.184,43832.750
Molawe,Konawe Utara,Nikel Tobimieta,2.162.000.000,Nikel,Ni,Logam Besi dan Paduan Besi,Tobimieta,Sulawesi Tenggara,Operasi Produksi,0,0,"Blok A Saprolit, Blok B Limonit, SOA Saprolit","PT Konawe Nikel Nusantara, Laporan RKAB Tahun 2022",1511,122.25,-3.378,IUP,"Kec. lasolo, Konawe Utara",373.8,"Agustus 19, 2030","Agustus 19, 2010",63771.193,273.063,36463.099
Langgikima,Konawe Utara,Nikel Lamonae,1.408.000.000,Nikel,Ni,Logam Besi dan Paduan Besi,Lamonae,Sulawesi Tenggara,Operasi Produksi,0,0,-,"PT Konutara Prima, 2013",1418,122.205,-3.213,IUP,Kec. Langgikima & Wiwirano,2827,"Maret 11, 2031","Maret 11, 2011",45040.357,1219.845,19556.040
Lasolo,Konawe Utara,Nikel Sari Mukti,1.400.000.000,Nikel,Ni,Logam Besi dan Paduan Besi,Sari Mukti,Sulawesi Tenggara,Operasi Produksi,1730980,21.810.348,"D Saprolite (Pit 6, 7, 8, 9, 10, dan 11)","PT Konutara Sejati, Laporan RKAB Tahun 2020 (tabulasi Ditjen Minerba)",1414,122.2263,-3.3485,IUP,"Kec. Langgikima, Konawe Utara",1923,"Desember 22, 2029","Juni 9, 2017",60191.054,50.945,33492.992
Batu Putih,Kolaka Utara,Nikel Blok II Lelewawo,2.566.000.000,Nikel,Ni,Logam Besi dan Paduan Besi,Blok II Lelewawo,Sulawesi Tenggara,Operasi Produksi,350000,3675,"Kadar Ni 1,5%","PT Kurnia Mining Resources, Laporan RKAB Tahun 2020 (Tabulasi Dinas ESDM Provinsi)",1588,121.0566,-3.0244,IUP,Kec Batu Putih,210,"April 12, 2031","Juli 23, 2021",31556.969,256.520,61643.893
Laeya,Konawe Selatan,Nikel Labokeo,2.797.000.000,Nikel,Ni,Logam Besi dan Paduan Besi,Labokeo,Sulawesi Tenggara,Operasi Produksi,0,0,"Blok A dan Blok B, kadar Ni 1,5% dan 1,8%","PT Laeya Cipta Guna, Laporan RKAB Tahun 2020",1615,122.4877,-4.3608,IUP,"Desa Labokeo, Kec. Laeya, Konawe",1185,"Oktober 9, 2029","Oktober 9, 2019",10113.683,174.774,17940.490
Tolala,Kolaka Utara,Nikel Lawaki Jaya,2.792.000.000,Nikel,Ni,Logam Besi dan Paduan Besi,Lawaki Jaya,Sulawesi Tenggara,Operasi Produksi,7107091,87.061.864.750,"Blok I, kadar Ni 1,65% s.d. 1,75%","PT Lawaki Tiar Raya, Laporan Revisi RKAB Tahun 2020",1610,121.0671,-2.8389,IUP,"Desa Lawaki Jaya, Kecamatan Tolala, Kabupaten Kolaka Utara, Provinsi Sulawesi Tenggara",404,"Maret 15, 2033","Maret 15, 2013",10671.575,249.328,45594.187
Palangga,Konawe Selatan,Nikel Blok I Watudemba,2.141.000.000,Nikel,Ni,Logam Besi dan Paduan Besi,Blok I Watudemba,Sulawesi Tenggara,Operasi Produksi,67430,7.788.165,"Kadar Ni 1,45% s.d. 1,82%","PT Macika Mada Madana, Laporan RKAB Tahun 2020",1490,122.358,-4.398,IUP,"Kec Palangga, Konawe Selatan",705,"Oktober 27, 2031","Oktober 27, 2011",12226.712,535.313,6382.409
Palangga,Konawe Selatan,Nikel Blok II Kiaea,2.142.000.000,Nikel,Ni,Logam Besi dan Paduan Besi,Blok II Kiaea,Sulawesi Tenggara,Operasi Produksi,426440,49.552.328,"Kadar Ni 1,66% s.d. 1,89%","PT Macika Mada Madana, Laporan RKAB Tahun 2020",1491,122.369,-4.397,IUP,"Kec Palangga, Konawe Selatan",705,"Oktober 27, 2031","Oktober 27, 2011",11198.521,143.033,6635.396
Palangga Selatan,Konawe Selatan,Nikel Blok IV Amondo,2.143.000.000,Nikel,Ni,Logam Besi dan Paduan Besi,Blok IV Amondo,Sulawesi Tenggara,Operasi Produksi,578760,79.405.872,"Kadar Ni 1,59% s.d. 1,96%","PT Macika Mada Madana, Laporan RKAB Tahun 2020",1492,122.359,-4.411,IUP,"Kec Palangga, Konawe Selatan",705,"Oktober 27, 2031","Oktober 27, 2011",11558.704,368.301,4950.139
Langgikima,Konawe Utara,Nikel Bintaro,2.154.000.000,Nikel,Ni,Logam Besi dan Paduan Besi,Bintaro,Sulawesi Tenggara,Operasi Produksi,13200236,157.581.306.120,"Blok Bintaro, North Grogol, South Grogol, Sawit, 200 spc Sawit","PT Makmur Lestari Primatama, Laporan RKAB Tahun 2022",1503,122.265,-3.287,IUP,Kecamatan Langgikima Kab. Konawe Utara,407,"November 22, 2029","Septermber 22, 2014",54159.842,32.920,26335.900
Molawe,Konawe Utara,Nikel Boedingi,2.165.000.000,Nikel,Ni,Logam Besi dan Paduan Besi,Boedingi,Sulawesi Tenggara,Operasi Produksi,1184704,15.093.128.960,"Blok Selatan (Pit 1), Blok Utara (Pit 2)","PT Manunggal Sarana Surya Pratama, Laporan RKAB Tahun 2020",1515,122.3813,-3.418,IUP,Kec. Lasolo,284.92,"Oktober 8, 2032","Desember 8, 2014",65025.315,438.098,42628.421
Kabaena Selatan,Bombana,Nikel Lamkema,2.570.000.000,Nikel,Ni,Logam Besi dan Paduan Besi,Lamkema,Sulawesi Tenggara,Operasi Produksi,515156,7.717.036.880,"Kadar Ni 1,2% dan 1,8%","PT Margo Karya Mandiri, Laporan RKAB Tahun 2020",1592,121.894,-5.3318,IUP,Kec. Kabaena Kab. Bombana,2128,"Oktober 6, 2030","Oktober 7, 2020",13420.280,3952.492,49511.240
Molawe,Konawe Utara,Nikel Marombo 1,2.155.000.000,Nikel,Ni,Logam Besi dan Paduan Besi,Marombo 1,Sulawesi Tenggara,Operasi Produksi,2100000,39900,-,"PT Masempo Dalle, Laporan RKAB Teknis Lingkungan Tahun 2018",1504,122.258,-3.39,IUP,"Kec. Langgikima, Konut",103.2,"Agustus 23, 2031","Agustus 23, 2011",65219.159,522.006,37744.071
Langgikima,Konawe Utara,Nikel Lamonae 3,1.410.000.000,Nikel,Ni,Logam Besi dan Paduan Besi,Lamonae 3,Sulawesi Tenggara,Operasi Produksi,0,0,-,"PT Meta Mineral Pradana, 2013",1420,122.206,-3.233,IUP,Kec Wiwirano,470,"Juli 14, 2030","Juli 14, 2010",47252.125,881.945,21586.590
Langgikima,Konawe Utara,Nikel Osu Ranonuwue,2.167.000.000,Nikel,Ni,Logam Besi dan Paduan Besi,Osu Ranonuwue,Sulawesi Tenggara,Operasi Produksi,0,0,-,"PT Mitra Utama Resources, Laporan RKAB Tahun 2018",1517,122.215,-3.363,IUP,"Kec. Langgikima, Konawe Utara",237.9,"Juli 12, 2031","Juli 12, 2011",61657.726,1149.236,35277.950
Routa,Konawe,Nikel Routa 1,1.407.000.000,Nikel,Ni,Logam Besi dan Paduan Besi,Routa 1,Sulawesi Tenggara,Eksplorasi,0,0,-,"PT Modern Cahaya Makmur, 2015",1417,121.705,-3.024,IUP,"Kec. Routa, Konawe",5053,"Desember 8, 2032","Desember 8, 2012",,,
Puriala,Konawe,Nikel Puriala,1.933.000.000,Nikel,Ni,Logam Besi dan Paduan Besi,Puriala,Sulawesi Tenggara,Eksplorasi,622387,8.495.582.550,-,"PT Modern Cahaya Makmur, Laporan RKAB Tahun 2019",1465,122.088,-4.02,IUP,"Kec. Puriala, Konawe",1522,"Desember 28, 2032","Februari 29, 2012",,,
Tolala,Kolaka Utara,Nikel Tolala,299.000.000,Nikel,Ni,Logam Besi dan Paduan Besi,Tolala,Sulawesi Tenggara,Operasi Produksi,0,0,"Kadar Ni 0,92% - 0,95%","PT Mulia Makmur Perkasa, 2010",1312,121.1,-2.91,IUP,"Desa Patikala, Tolala Kec Tolala",2450,"Juli 16, 2029","Juli 17, 2009",19243.900,239.695,48660.854
Kabaena Timur,Bombana,Nikel Tapuhaka,2.569.000.000,Nikel,Ni,Logam Besi dan Paduan Besi,Tapuhaka,Sulawesi Tenggara,Operasi Produksi,233556,349.866.888,"Kadar Ni 1,6% dan 2,11%","PT Narayana Lambale Selaras, Laporan RKAB Tahun 2020",1591,122.0255,-5.3198,IUP,"Kabupaten Bombana, Kecamatan Kabaena Timur",414,"Juni 22, 2033","Juni 22, 2023",2772.735,40.481,47285.203
Molawe,Konawe Utara,Nikel Boenaga 1,2.532.000.000,Nikel,Ni,Logam Besi dan Paduan Besi,Boenaga 1,Sulawesi Tenggara,Operasi Produksi,6058945,76.342.707,"4 blok, kadar Ni 1,4% s.d. 2%","PT Paramitha Persada Tama, Laporan RKAB Tahun 2020",1554,122.3798,-3.4394,IUP,Kec. Lasolo,175,"April 3, 2032","April 3, 2012",62861.294,23.323,44853.851
Tolala,Kolaka Utara,Nikel Patikala 4 Blok Utara,2.156.000.000,Nikel,Ni,Logam Besi dan Paduan Besi,Patikala 4 Blok Utara,Sulawesi Tenggara,Operasi Produksi,6129784,753.473.042,Ironcap-Limonit-Saprolit,"PT Patrindo Jaya Makmur, Laporan RKAB Tahun 2020",1505,120.99,-2.843,IUP,"Desa Patikala, Kecamatan Tolala",500,"Desember 5, 2027","Desember 5, 2012",12082.040,7800.388,52655.578
Tolala,Kolaka Utara,Nikel Patikala 4 Blok Selatan,2.533.000.000,Nikel,Ni,Logam Besi dan Paduan Besi,Patikala 4 Blok Selatan,Sulawesi Tenggara,Operasi Produksi,8192167,10.069.811.465,"Laterit dimulai dari ironcap sampai rocky sparolit dengan kadar Ni 0,6% s.d. 2,6%","PT Patrindo Jaya Makmur, Laporan RKAB Tahun 2020",1555,121.0002,-2.8586,IUP,"Desa Patikala, Kecamatan Tolala",500,"Desember 5, 2027","Desember 5, 2012",13208.129,6960.670,52753.795
Lasolo,Konawe Utara,Nikel Waturambaha 1,2.791.000.000,Nikel,Ni,Logam Besi dan Paduan Besi,Waturambaha 1,Sulawesi Tenggara,Operasi Produksi,1163407,154.733.131,"Kadar Ni 1,5% s.d. 2,1%","PT Pernick Sultra, Laporan RKAB Tahun 2020",1609,122.3032,-3.3628,IUP,Kecamatan Langgikima,539,"Agustus 23, 2031","Agustus 23, 2011",63282.844,112.148,34898.963
Tanggetada,Kolaka,Nikel Sopura 1,1.946.000.000,Nikel,Ni,Logam Besi dan Paduan Besi,Sopura 1,Sulawesi Tenggara,Operasi Produksi,89965,1.133.559,"Kadar Ni > 1,4% s.d. 2,1%","PT Pernick Sultra, Laporan RKAB Tahun 2020",1478,121.531,-4.297,IUP ,Tanggetada,108,"April 12, 2030","April 12, 2010",15465.641,613.790,4783.957
Lasolo,Konawe Utara,Nikel Tapu Boedingin,2.814.000.000,Nikel,Ni,Logam Besi dan Paduan Besi,Tapu Boedingin,Sulawesi Tenggara,Operasi Produksi,450,5.5125,"Blok A, kadar Ni 1,5% dan 1,75%","PT Primastian Metal Pratama, Laporan RKAB Tahun 2020 (Tabulasi Dinas ESDM Provinsi)",1632,122.37,-3.457,IUP,Kec. Lasolo,102,"Desember 23, 2031","Maret 2, 2018",61446.172,1334.369,46459.399
Lasusua,Kolaka Utara,Nikel Pitulua 1,2.548.000.000,Nikel,Ni,Logam Besi dan Paduan Besi,Pitulua 1,Sulawesi Tenggara,Operasi Produksi,1512500,16.410.625,-,"PT Putra Dermawan Pratama, Laporan RKAB Tahun 2019",1570,120.954,-3.623,IUP,"Desa Sulaho, Kec. Lasusua, Kab. Kolaka Utara, Sulawesi Tenggara",100,"Juni 4, 2026","Juli 4, 2011",24282.603,129.615,45933.546
Lasolo,Konawe Utara,Nikel Tapunggaya 6,2.863.000.000,Nikel,Ni,Logam Besi dan Paduan Besi,Tapunggaya 6,Sulawesi Tenggara,Operasi Produksi,1361028,16.547.020.840,"Kadar Ni 1,38 % - 1,73 %","PT Putra Intisultra Perkasa (70/DPMPTSP/II/2019), Persetujuan RKAB Tahun 2021",1660,122.37,-3.457,IUP,Kec. Lasolo,261,"Desember 23, 2031","Desember 23, 2011",61446.172,1334.369,46459.399
Lasolo,Konawe Utara,Nikel Tapunggaya 5,2.813.000.000,Nikel,Ni,Logam Besi dan Paduan Besi,Tapunggaya 5,Sulawesi Tenggara,Operasi Produksi,25308023.3,318.881.093.580,"Kadar rata-rata Ni 1,85%","PT Putra Kendari Sejahtera, Laporan RKAB Tahun 2022",1631,122.363,-3.3867,IUP,Kec. Langgikima,218,"Juli 27, 2031","Juli 27, 2011",67712.589,2263.718,38739.235
Pomalaa,Kolaka,Nikel Pesouha,2.163.000.000,Nikel,Ni,Logam Besi dan Paduan Besi,Pesouha,Sulawesi Tenggara,Operasi Produksi,2453560,24.044.888,"Blok Utara dan Blok Selatan dengan kadar Ni 1,3% dan 1,4%Kadar","PT Putra Mekongga Sejahtera, Laporan RKAB Tahun 2022",1512,121.6348,-4.218,IUP,Kecamatan Pomalaa,388,"Mei 21, 2027","Mei 22, 2017",6274.055,317.527,4980.748
Porehu,Kolaka Utara,Nikel Larui,1.387.000.000,Nikel,Ni,Logam Besi dan Paduan Besi,Larui,Sulawesi Tenggara,Eksplorasi,0,0,-,"PT Ranaspri Ayanori, 2013",1406,121.153,-2.902,IUP,"Desa Lawaki Jaya, Kecamatan Tolala",1050,"Desember 5, 2027","Desember 5, 2012",,,
Molawe,Konawe Utara,Nikel Boenaga,1.942.000.000,Nikel,Ni,Logam Besi dan Paduan Besi,Boenaga,Sulawesi Tenggara,Operasi Produksi,651799,82.126.674,-,"PT Rizki Sinar Biokas, Laporan RKAB Tahun 2020",1474,122.368,-3.418,IUP,Molawe,220,"Februari 14, 2032","Januari 5, 2017",65538.863,1914.992,42225.501
Molawe,Konawe Utara,Nikel Blok I dan Blok II Tapunggaya,2.561.000.000,Nikel,Ni,Logam Besi dan Paduan Besi,Wawalalindu,Sulawesi Tenggara,Operasi Produksi,0,0,"3 blok, kadar Ni 1,5% s.d. 1,6%","PT Rizqi Biokas Pratama, Laporan RKAB Tahun 2020",1583,122.1918,-3.5948,IUP,Molawe,251,"Februari 28, 2032","Januari 29, 2019",59868.969,15.574,42463.572
Kabaena Tengah,Bombana,Nikel Lengora 1 (Blok A 11),2.166.000.000,Nikel,Ni,Logam Besi dan Paduan Besi,Lengora 1 (Blok A 11),Sulawesi Tenggara,Operasi Produksi,686715.1,8.467.558.235,Limonit-Saprolit,"PT Rohul Energi Indonesia, Laporan RKAB Tahun 2020",1516,121.9669,-5.1454,IUP,"Kec. Kabaena tengah, Kab. Bombana",3450,"Januari 30, 2032","Agustus 28, 2019",10716.825,1735.667,27899.134
Kabaena Tengah,Bombana,Nikel Lengora 1 (Blok A 2),2.846.000.000,Nikel,Ni,Logam Besi dan Paduan Besi,Lengora 1 (Blok A 2),Sulawesi Tenggara,Operasi Produksi,1086253.15,14.325.706.112,"Limonit, Saprolit","PT Rohul Energi Indonesia, Laporan RKAB Tahun 2021 (SDC September 2020)",1643,121.967,-5.1453,IUP,"Kec. Kabaena tengah, Kab. Bombana",3450,"Januari 30, 2032","Agustus 28, 2019",10716.711,1720.174,27887.219
Kabaena Tengah,Bombana,Nikel Lengora 1 (Blok A 7),2.847.000.000,Nikel,Ni,Logam Besi dan Paduan Besi,Lengora 1 (Blok A 7),Sulawesi Tenggara,Operasi Produksi,1173847,13.094.960.042,"Limonit, Saprolit","PT Rohul Energi Indonesia, Laporan RKAB Tahun 2021 (SDC September 2020)",1644,121.967,-5.1453,IUP,"Kec. Kabaena tengah, Kab. Bombana",3450,"Januari 30, 2032","Agustus 28, 2019",10716.711,1720.174,27887.219
Kabaena Tengah,Bombana,Nikel Lengora 1 (Blok AB),2.848.000.000,Nikel,Ni,Logam Besi dan Paduan Besi,Lengora 1 (Blok AB),Sulawesi Tenggara,Operasi Produksi,34500.2,0,"Limonit, Saprolit","PT Rohul Energi Indonesia, Laporan RKAB Tahun 2021 (SDC September 2020)",1645,121.967,-5.1453,IUP,"Kec. Kabaena tengah, Kab. Bombana",3450,"Januari 30, 2032","Agustus 28, 2019",10716.711,1720.174,27887.219
Kabaena Tengah,Bombana,Nikel Lengora 1 (Blok A 12),2.849.000.000,Nikel,Ni,Logam Besi dan Paduan Besi,Lengora 1 (Blok A 12),Sulawesi Tenggara,Operasi Produksi,0,0,"Limonit, Saprolit","PT Rohul Energi Indonesia, Laporan RKAB Tahun 2021 (SDC September 2020)",1646,121.967,-5.1453,IUP,"Kec. Kabaena tengah, Kab. Bombana",3450,"Januari 30, 2032","Agustus 28, 2019",10716.711,1720.174,27887.219
Kabaena Tengah,Bombana,Nikel Lengora 1 (Blok A 15),2.850.000.000,Nikel,Ni,Logam Besi dan Paduan Besi,Lengora 1 (Blok A 15),Sulawesi Tenggara,Operasi Produksi,0,0,"Limonit, Saprolit","PT Rohul Energi Indonesia, Laporan RKAB Tahun 2021 (SDC September 2020)",1647,121.967,-5.1453,IUP,"Kec. Kabaena tengah, Kab. Bombana",3450,"Januari 30, 2032","Agustus 28, 2019",10716.711,1720.174,27887.219
Kabaena Tengah,Bombana,Nikel Lengora 1 (Blok B1),2.851.000.000,Nikel,Ni,Logam Besi dan Paduan Besi,Lengora 1 (Blok B1),Sulawesi Tenggara,Operasi Produksi,0,0,"Limonit, Saprolit","PT Rohul Energi Indonesia, Laporan RKAB Tahun 2021 (SDC September 2020)",1648,121.967,-5.1453,IUP,"Kec. Kabaena tengah, Kab. Bombana",3450,"Januari 30, 2032","Agustus 28, 2019",10716.711,1720.174,27887.219
Molawe,Konawe Utara,Nikel Waturambaha,2.168.000.000,Nikel,Ni,Logam Besi dan Paduan Besi,Waturambaha,Sulawesi Tenggara,Operasi Produksi,5060175,6.198.714.375,Blok 1-7,"PT Roshini Indonesia, Laporan RKAB Tahun 2018",1518,122.35,-3.387,IUP,"Kec. Lasolo, Konawe Utara",109,"Juli 17, 2029","Juli 18, 2019",67287.641,2711.409,38413.773
Palangga,Konawe Selatan,Nikel Ululakara,1.416.000.000,Nikel,Ni,Logam Besi dan Paduan Besi,Ululakara,Sulawesi Tenggara,Operasi Produksi,0,0,"Kadar Ni 1%, dan 1,5% s.d. 1,7%","PT Sambas Minerals Mining, Laporan RKAB Tahun 2019 (Tabulasi Dinas ESDM Provinsi)",1425,122.338,-4.399,IUP,"Desa Watudempa, Kec. Palngga Selatan, Kab. Konawe Selatan",1008,"Februari 15, 2030","Februari 15, 2020",14210.354,468.021,6601.051
Palangga Selatan,Konawe Selatan,Nikel Parasi,2.563.000.000,Nikel,Ni,Logam Besi dan Paduan Besi,Parasi,Sulawesi Tenggara,Operasi Produksi,22090000,262871,"Blok A, B dan C dengan kadar Ni 1,32% - 1,7%","PT Sentratama Karya Cemerlang (SK Bupati Konawe Selatan Nomor 540/1172 Tahun 2014), Laporan RKAB Tahun 2021",1585,122.404,-4.371,IUP,"Desa Wawowonua dan sekitarnya, Kec. Palangga Selatan, Kab. Konawe Selatan",1226,"Juli 28, 2028","Juli 28, 2018",10233.690,271.343,10742.617
Palangga,Konawe Selatan,Nikel Kiaea,2.815.000.000,Nikel,Ni,Logam Besi dan Paduan Besi,Kiaea,Sulawesi Tenggara,Operasi Produksi,1000000,12600,"Blok A, B dan C dengan kadar Ni 1,32% s.d. 1,7%","PT Sentratama Karya Cemerlang, Laporan RKAB Tahun 2019 (Tabulasi Dinas ESDM Provinsi)",1633,122.404,-4.3708,IUP,"Desa Wawowonua dan sekitarnya, Kec. Palangga Selatan, Kab. Konawe Selatan",1226,"Juli 28, 2028","Juli 28, 2018",10251.824,291.679,10761.905
Molawe,Konawe Utara,Nikel Blok Helipad Waturambaha (B30),2.169.000.000,Nikel,Ni,Logam Besi dan Paduan Besi,Blok Helipad Waturambaha (B30),Sulawesi Tenggara,Operasi Produksi,0,0,"Kadar Ni 1,53%, 1,7%, 1,75% dan 1,71%","PT Sinar Jaya Sultra Utama, Laporan RKAB Tahun 2020",1519,122.3366,-3.3682,IUP,Kec. Lasolo,301,"Maret 30, 2032","Maret 30, 2012",64857.378,186.123,36061.470
Molawe,Konawe Utara,Nikel Blok A Waturambaha,2.170.000.000,Nikel,Ni,Logam Besi dan Paduan Besi,Blok A Waturambaha,Sulawesi Tenggara,Operasi Produksi,0,0,Data SDC digabungkan di Blok Helipad Waturambaha,"PT Sinar Jaya Sultra Utama, Laporan RKAB Tahun 2020",1520,122.337,-3.3723,IUP,Kec. Lasolo,301,"Maret 30, 2032","Maret 30, 2012",65303.778,616.925,36514.434
Molawe,Konawe Utara,Nikel Blok B Waturambaha,2.171.000.000,Nikel,Ni,Logam Besi dan Paduan Besi,Blok B Waturambaha,Sulawesi Tenggara,Operasi Produksi,0,0,Data SDC digabungkan di Blok Helipad Waturambaha,"PT Sinar Jaya Sultra Utama, Laporan RKAB Tahun 2020",1521,122.3371,-3.3752,IUP,Kec. Lasolo,301,"Maret 30, 2032","Maret 30, 2012",65613.658,922.246,36830.776
Molawe,Konawe Utara,Nikel Blok C Waturambaha,2.172.000.000,Nikel,Ni,Logam Besi dan Paduan Besi,Blok C Waturambaha,Sulawesi Tenggara,Operasi Produksi,0,0,Data SDC digabungkan di Blok Helipad Waturambaha,"PT Sinar Jaya Sultra Utama, Laporan RKAB Tahun 2020",1522,122.3297,-3.372,IUP,Kec. Lasolo,301,"Maret 30, 2032","Maret 30, 2012",65038.588,640.342,36326.503
Molawe,Konawe Utara,Nikel Blok D Waturambaha,2.173.000.000,Nikel,Ni,Logam Besi dan Paduan Besi,Blok D Waturambaha,Sulawesi Tenggara,Operasi Produksi,0,0,Data SDC digabungkan di Blok Helipad Waturambaha,"PT Sinar Jaya Sultra Utama, Laporan RKAB Tahun 2020",1523,122.3301,-3.3754,IUP,Kec. Lasolo,301,"Maret 30, 2032","Maret 30, 2012",65411.856,1003.527,36704.316
Molawe,Konawe Utara,Nikel Blok E Waturambaha,2.174.000.000,Nikel,Ni,Logam Besi dan Paduan Besi,Blok E Waturambaha,Sulawesi Tenggara,Operasi Produksi,0,0,Data SDC digabungkan di Blok Helipad Waturambaha,"PT Sinar Jaya Sultra Utama, Laporan RKAB Tahun 2020",1524,122.3375,-3.3796,IUP,Kec. Lasolo,301,"Maret 30, 2032","Maret 30, 2012",66092.037,1404.605,37316.379
Molawe,Konawe Utara,Nikel Blok F Waturambaha,2.175.000.000,Nikel,Ni,Logam Besi dan Paduan Besi,Blok F Waturambaha,Sulawesi Tenggara,Operasi Produksi,0,0,Data SDC digabungkan di Blok Helipad Waturambaha,"PT Sinar Jaya Sultra Utama, Laporan RKAB Tahun 2020",1525,122.3378,-3.3821,IUP,Kec. Lasolo,301,"Maret 30, 2032","Maret 30, 2012",66366.252,1681.892,37593.930
Molawe,Konawe Utara,Nikel Blok G Waturambaha,2.176.000.000,Nikel,Ni,Logam Besi dan Paduan Besi,Blok G Waturambaha,Sulawesi Tenggara,Operasi Produksi,0,0,Data SDC digabungkan di Blok Helipad Waturambaha,"PT Sinar Jaya Sultra Utama, Laporan RKAB Tahun 2020",1526,122.3379,-3.3845,IUP,Kec. Lasolo,301,"Maret 30, 2032","Maret 30, 2012",66623.491,1944.377,37856.257
Molawe,Konawe Utara,Nikel Blok H Waturambaha,2.177.000.000,Nikel,Ni,Logam Besi dan Paduan Besi,Blok H Waturambaha,Sulawesi Tenggara,Operasi Produksi,0,0,Data SDC digabungkan di Blok Helipad Waturambaha,"PT Sinar Jaya Sultra Utama, Laporan RKAB Tahun 2020",1527,122.3378,-3.3867,IUP,Kec. Lasolo,301,"Maret 30, 2032","Maret 30, 2012",66853.215,2182.311,38092.580
Pondidaha,Konawe,Nikel Amonggedo,1.940.000.000,Nikel,Ni,Logam Besi dan Paduan Besi,Amonggedo,Sulawesi Tenggara,Operasi Produksi,7413124,77.837.802,"Data Blok Amogedo dan Blok Ponodaha disatukan, CoG Ni >1,4% Fe <18%","PT ST. Nickel Resources, Laporan RKAB Tahun 2020",1472,122.268,-3.919,IUP,"Kec. Besulutu, Amongggedo",1818,"Oktober 27, 2029","Juli 16, 2014",35013.716,759.447,16844.427
Pondidaha,Konawe,Nikel Ponidaha,1.941.000.000,Nikel,Ni,Logam Besi dan Paduan Besi,Ponidaha,Sulawesi Tenggara,Operasi Produksi,7883486,82.776.603,"Data Blok Amogedo dan Blok Ponodaha disatukan, CoG Ni >1,4% Fe <18%","PT ST. Nickel Resources, Laporan RKAB Tahun 2020",1473,122.272,-3.916,IUP,"Kec. Besulutu, Amongggedo",1818,"Oktober 27, 2029","Juli 16, 2014",34633.048,1229.589,16371.623
Langgikima,Konawe Utara,Nikel Lamonae 5,1.412.000.000,Nikel,Ni,Logam Besi dan Paduan Besi,Lamonae 5,Sulawesi Tenggara,Operasi Produksi,7581000,89683.23,-,"PT Stargate Pasific Resources, 2015",1422,122.27,-3.341,IUP,Langgikima,1213.2,"Desember 21, 2029","Agustus 3, 2017",60121.423,188.032,32299.823
Langgikima,Konawe Utara,Nikel Blok Lameluru-Molore-Tobimeta,2.556.000.000,Nikel,Ni,Logam Besi dan Paduan Besi,Blok Lameluru-Molore-Tobimeta,Sulawesi Tenggara,Operasi Produksi,0,294351.6,"3 blok, kadar Ni 1,52% s.d. 1,71%","PT Stargate Pasific Resources, Laporan RKAB Tahun 2022",1578,122.2706,-3.3404,IUP,"Kec. Langgikima, Konawe Utara",461.1,"Februari 1, 2031","Februari 1, 2011",60069.383,231.420,32233.407
Molawe,Konawe Utara,Nikel Boedingin,2.178.000.000,Nikel,Ni,Logam Besi dan Paduan Besi,Boedingin,Sulawesi Tenggara,Operasi Produksi,0,0,-,"PT Sujud Bumi Berkah, Laporan Studi Kelauakan Tahun 2011",1528,122.338,-3.407,IUP,Kec. Lasolo,168,"Februari 16, 2031","Februari 16, 2012",67919.116,4897.180,40300.261
Routa,Konawe,Nikel Prospek Bravo Romeo 1,2.843.000.000,Nikel,Ni,Logam Besi dan Paduan Besi,Prospek Bravo Romeo 1,Sulawesi Tenggara,Operasi Produksi,0,0,"Limonit, Saprolit kadar rendah-tinggi","PT Sulawesi Cahaya Mineral, Laporan RKAB Tahun 2022",1640,121.806,-2.9849,IUP,Kecamatan Routa,21100,"September 14, 2037","November 18, 2019",44433.313,7877.574,35144.725
Routa,Konawe,Nikel Prospek Bravo Romeo 2 dan 3,2.844.000.000,Nikel,Ni,Logam Besi dan Paduan Besi,Prospek Bravo Romeo 2 dan 3,Sulawesi Tenggara,Operasi Produksi,0,0,"Limonit, Saprolit kadar rendah-tinggi","PT Sulawesi Cahaya Mineral, Laporan RKAB Tahun 2022",1641,121.806,-2.9849,IUP,Kecamatan Routa,21100,"September 14, 2037","November 18, 2019",44433.313,7877.574,35144.725
Routa,Konawe,Nikel Prospek Delta Sierra,2.845.000.000,Nikel,Ni,Logam Besi dan Paduan Besi,Prospek Delta Sierra,Sulawesi Tenggara,Operasi Produksi,0,0,"Limonit, Saprolit kadar rendah-tinggi","PT Sulawesi Cahaya Mineral, Laporan RKAB Tahun 2022",1642,121.806,-2.9849,IUP,Kecamatan Routa,21100,"September 14, 2037","November 18, 2019",44433.313,7877.574,35144.725
Pondidaha,Konawe,Nikel Blok SK 1 Pondidaha,2.530.000.000,Nikel,Ni,Logam Besi dan Paduan Besi,Blok SK 1 Pondidaha,Sulawesi Tenggara,Operasi Produksi,1039950,127.393.875,"Kadar Ni 1,5% s.d. 1,8%","PT Sulemandara Konawe, Laporan RKAB Tahun 2019 (Tabulasi Dinas ESDM Provinsi)",1552,122.27,-3.91,IUP,"Desa Pondidaha, Kec. Pondidaha",100,"Maret 25, 2028","Mei 25, 2008",34974.765,1085.238,16551.877
Molawe,Konawe Utara,Nikel Tapunggaya 3,2.794.000.000,Nikel,Ni,Logam Besi dan Paduan Besi,Tapunggaya 3,Sulawesi Tenggara,Operasi Produksi,3166641,31.033.081.800,"Blok I dan Blok II, kadar Ni 1,4% s.d. 2%","PT Sumber Bumi Putra, Laporan RKAB Tahun 2020",1612,122.1775,-3.5238,IUP,Sulawesi Tenggara,218.21,"Maret 10, 2032","November 19, 2024",66628.291,475.064,49838.453
Kabaena Selatan,Bombana,Nikel Batuawu,2.568.000.000,Nikel,Ni,Logam Besi dan Paduan Besi,Batuawu,Sulawesi Tenggara,Operasi Produksi,2115387,236.923.344,"Kadar Ni 1,4% dan 1,6%","PT Tambang Bumi Sulawesi, Laporan RKAB Tahun 2020",1590,121.8783,-5.3521,IUP,"Kecamatan Kabaena Selatan, Kabupaten Bombana",1533,"Desember 29, 2032","Desember 12, 2022",13579.458,1418.696,52084.537
Batuputih dan Tolala,Kolaka Utara,Nikel Mosiku,2.793.000.000,Nikel,Ni,Logam Besi dan Paduan Besi,Mosiku,Sulawesi Tenggara,Operasi Produksi,2763563,35.636.302.940,"Blok Anoa, Tapir, Makaka dan Komodo, kadar Ni 1,64% s.d. 1,87%","PT Tambang Mineral Maju, Laporan RKAB Tahun 2020",1611,121.0603,-2.8405,IUP,"Desa Latou, Musiku dan Lelewaw",738,"Agustus 11, 2026","Agustus 16, 2011",10659.573,4.529,46284.500
Kabaena Selatan,Bombana,Nikel Pongkalaero 1,2.804.000.000,Nikel,Ni,Logam Besi dan Paduan Besi,Pongkalaero 1,Sulawesi Tenggara,Operasi Produksi,590000,7730.8,"Blok 2, Blok 3 dan Blok 5 (limonit dan saprolit","PT Tekonindo, Laporan RKAB Tahun 2020 (Tabulasi Ditjen Minerba)",1622,121.9091,-5.3739,IUP,"Kec Kabaena Barat, Kab Bombana",531.3,"April 22, 1930","Juli 31, 2019",16784.116,2068.697,53778.172
Kabaena Barat,Bombana,Nikel Rahampuu,2.180.000.000,Nikel,Ni,Logam Besi dan Paduan Besi,Rahampuu,Sulawesi Tenggara,Operasi Produksi,1066200,13.619.487,"Kadar Ni 1,66% - 1,82%","PT Timah Investasi Mineral, Laporan RKAB Tahun 2022",1530,121.8258,-5.2584,IUP,"Kec. Kabaena, Kab. Bombana",300,"Maret 31, 2029","April 1, 2019",3466.742,91.150,44098.609
Langgikima,Konawe Utara,Nikel Lamonae 4,2.558.000.000,Nikel,Ni,Logam Besi dan Paduan Besi,Lamonae 4,Sulawesi Tenggara,Operasi Produksi,0,0,"Blok I, Blok II dan Blok IV, kadar Ni 1,45% s.d. 1,8%","PT Tiran Indonesia, Laporan RKAB Tahun 2022",1580,122.2874,-3.2131,IUP,"Kec. Langgikima, Konawe Utara",1411.35,"Juli 30, 2033","Juli 30, 2013",46857.317,1706.739,18252.616
Kabaena Timur,Bombana,Nikel Lengora,2.522.000.000,Nikel,Ni,Logam Besi dan Paduan Besi,Lengora,Sulawesi Tenggara,Eksplorasi,0,0,"OB (Ni 0,92%), Limonit (NI 1,4%), Saprolit (1,69%)","PT Tonia Mitra Sejahtera, Laporan RKAB Tahun 2020",1544,122.042,-5.206,IUP,"Kecamatan Kabaena Timur dan Kabaena Tengah, Kabupaten Bombana, Provinsi Sulawesi Tenggara",5891,"Agustus 3, 2033","Agustus 3, 2023",,,
Kabaena Barat,Bombana,Nikel Baliara,1.422.000.000,Nikel,Ni,Logam Besi dan Paduan Besi,Baliara,Sulawesi Tenggara,Operasi Produksi,3500000,45325,"Kadar Ni 0,9% s.d. 1,8%","PT Trias Jaya Agung, Laporan RKAB Tahun 2020",1431,121.839,-5.246,IUP,"Desa Rahampuu, Kelurahan Teomokole, Kecamatan Kabaena",512,"Desember 7, 2030","Desember 8, 2020",5233.338,986.698,42258.658
Molawe,Konawe Utara,Nikel Morombo,2.147.000.000,Nikel,Ni,Logam Besi dan Paduan Besi,Morombo,Sulawesi Tenggara,Operasi Produksi,1710000,20468.7,"Blok B, kadar Ni 1,72% dan 1,71%","PT Tristaco Mineral Makmur, Laporan RKAB Tahun 2020",1496,122.274,-3.37,IUP,Kec. Lasolo,138.9,"Agustus 29, 2032","Agustus 29, 2012",63353.639,44.575,35508.529
Pomalaa,Kolaka,Nikel Pomalaa HPAL,305.000.000,Nikel,Ni,Logam Besi dan Paduan Besi,Blok 1 Pomalaa HPAL,Sulawesi Tenggara,Eksplorasi,0,0,Limonit-Saprolit (wmt),"PT Vale, Laporan RKAB Tahun 2020 (Tabulasi Ditjen Minerba)",1317,121.668,-4.227,IUPK,"Blok Pomala, Kab. Kolaka dan Kab. Kolaka Timur",20286,"Desember 28, 2035","Mei 3, 2024",,,
Baula,Kolaka,Nikel Blok 2 Pomalaa HPAL,2.137.000.000,Nikel,Ni,Logam Besi dan Paduan Besi,Blok 2 Pomalaa HPAL,Sulawesi Tenggara,Eksplorasi,0,0,-,"PT Vale, Revisi Laporan Studi Kelayakan HPAL Pomalaa",1486,121.703,-4.196,IUPK,"Blok Pomala, Kab. Kolaka dan Kab. Kolaka Timur",20286,"Desember 28, 2035","Mei 3, 2024",,,
Pomalaa,Kolaka,Nikel Blok 3 Pomalaa HPAL,2.138.000.000,Nikel,Ni,Logam Besi dan Paduan Besi,Blok 3 Pomalaa HPAL,Sulawesi Tenggara,Eksplorasi,0,0,Limonit dan Saprolit (wmt),"PT Vale, Revisi Laporan Studi Kelayakan HPAL Pomalaa",1487,121.719,-4.239,IUPK,"Blok Pomala, Kab. Kolaka dan Kab. Kolaka Timur",20286,"Desember 28, 2035","Mei 3, 2024",,,
Pomalaa,Kolaka,Nikel Blok 4 Pomalaa HPAL,2.139.000.000,Nikel,Ni,Logam Besi dan Paduan Besi,Blok 4 Pomalaa HPAL,Sulawesi Tenggara,Eksplorasi,0,0,Limonit dan Saprolit (wmt),"PT Vale, Revisi Laporan Studi Kelayakan HPAL Pomalaa",1488,121.685,-4.271,IUPK,"Blok Pomala, Kab. Kolaka dan Kab. Kolaka Timur",20286,"Desember 28, 2035","Mei 3, 2024",,,
Pomalaa,Kolaka,Nikel Blok 5 Pomalaa HPAL,2.140.000.000,Nikel,Ni,Logam Besi dan Paduan Besi,Blok 5 Pomalaa HPAL,Sulawesi Tenggara,Eksplorasi,0,0,Limonit dan Saprolit (wmt),"PT Vale, Revisi Laporan Studi Kelayakan HPAL Pomalaa",1489,121.651,-4.215,IUPK,"Blok Pomala, Kab. Kolaka dan Kab. Kolaka Timur",20286,"Desember 28, 2035","Mei 3, 2024",,,
Wolo,Kolaka,Nikel Blok Tanjung Baja,2.564.000.000,Nikel,Ni,Logam Besi dan Paduan Besi,Blok Tanjung Baja,Sulawesi Tenggara,Operasi Produksi,2016609,254.092.734,"Kadar Ni 1,5% - 2,3%","PT Waja Inti Lestari, Laporan RKAB Tahun 2020",1586,121.281,-3.862,IUP,"Wolo, Kolaka",210.3,"Juli 26, 2030","Juli 27, 2020",36998.334,1163.375,2109.182
Lasolo Kepulauan,Konawe Utara,Nikel Blok WSM 1-7,2.946.000.000,Nikel,Ni,Logam Besi dan Paduan Besi,Blok WSM 1-7,Sulawesi Tenggara,Operasi Produksi,0,0,-,"PT Wanggudu Sumber Mineral, Laporan RKAB Tahun 2022",1666,122.353,-3.414,IUP,Lasolo,203,"Maret 30, 2032","November 6, 2017",66562.360,3593.313,41397.682
Laeya,Konawe Selatan,Nikel Torobulu,310.000.000,Nikel,Ni,Logam Besi dan Paduan Besi,Torobulu,Sulawesi Tenggara,Operasi Produksi,30190592,3.523.148.846,"Blok A, Blok B, Blok C","PT Wijaya Inti Nusantara, Laporan RKAB Tahun 2020",1321,122.459,-4.424,IUP,"Desa Torobulu, Kec. Laeya, Konawe Selatan",1931,"November 28, 2029","November 29, 2019",2538.236,674.854,11893.455
Obi,Halmahera Selatan,Nikel Baru,306.000.000,Nikel,Ni,Logam Besi dan Paduan Besi,Baru,Maluku Utara,Explorasi Rinci,0,0,"HFL, Limonit, dan Saprolit","PT Jikodolong Megah Pertiwi, Persetujuan dan Evaluasi Laporan RKAB Tahun 2021",1318,127.527,-1.431,IUP,"Desa Baru Kec. Obi, Kab. Halmahera Selatan",1884.84,"April 6, 2029","Januari 14, 2019",17467.497,1002.208,10790.880
Obi selatan ,Halmahera Selatan,Nikel Malamala Selatan,353.000.000,Nikel,Ni,Logam Besi dan Paduan Besi,Malamala Selatan,Maluku Utara,Operasi Produksi,20000000,194390,Iron Cap-Limonit-Saprolit,"PT Rimba Kurnia Alam, Laporan RKAB Tahun 2021 (SDC Tahun 2021)",1345,127.601,-1.659,IUP,"Pulau Malamala, Desa Kawasi, Kec. Obi, Kab. Halmahera Selatan",1800,"Januari 28, 2030","Mei 29, 2017",25221.569,2630.500,23838.423
Obi,Halmahera Selatan,Nikel Kawasi,355.000.000,Nikel,Ni,Logam Besi dan Paduan Besi,Kawasi,Maluku Utara,Operasi Produksi,12500000,110670,"Iron Cap-Limonit-Saprolit, Low Grade High Ferro Ore, Medium Grade Ore","PT Wanatiara Persada, Laporan RKAB Tahun 2022",1346,127.412,-1.586,IUP,Desa Kawasi Kecamatan Obi Kabupaten Halmahera Selatan,1725.54,"April 29, 2031","Juni 2, 2017",4020.767,728.525,5502.494
Obi,Halmahera Selatan,Nikel Baru 1,1.434.000.000,Nikel,Ni,Logam Besi dan Paduan Besi,Baru 1,Maluku Utara,Operasi Produksi,3917000,44268.14,"Laterit A, Laterit B, dan Laterit C","PT Obi Putra Mandiri (23 Tahun 2011), Laporan RKAB Tahun 2021",1443,127.499,-1.486,IUP,"Desa Baru Dusun Tabuji-Jikodolong DSK, Kec. Obi, Kab. Halmahera Selatan",4058,"Februari 10, 2031","Februari 25, 2011",13060.682,701.059,7792.103
Obi,Halmahera Selatan,Nikel Laiwui,1.435.000.000,Nikel,Ni,Logam Besi dan Paduan Besi,Laiwui,Maluku Utara,Operasi Produksi,0,0,"OB, limonit dan saprolit","PT Obi Anugerah Mineral, Persetujuan dan Evaluasi Laporan RKAB Tahun 2021",1444,127.616,-1.39,IUP,Desa Baru (Loji) Kec. Obi Kab. Halmahera Selatan,1775.4,"April 5, 2029","Januari 14, 2019",7000.922,3459.257,21634.222
Obi,Halmahera Selatan,Nikel Kawasi 1,1.949.000.000,Nikel,Ni,Logam Besi dan Paduan Besi,Kawasi 1,Maluku Utara,Operasi Produksi,24100000,238140,"OB, limonit dan saprolit, kadar Ni 0,9% s.d. 1,77%","PT Trimegah Bangun Persada, Laporan RKAB Tahun 2022",1481,128.16,0.542,IUP,"Desa Kawasi, Kec. Obi, Kab. Halmahera Selatan",4247,"Februari 8, 2030","Februari 8, 2010",33430.916,2126.760,19801.427
Obi,Halmahera Selatan,Nikel Loji,2.185.000.000,Nikel,Ni,Logam Besi dan Paduan Besi,Loji,Maluku Utara,Operasi Produksi,4900000,54887,"Laterit (COG 1,2% Ni), kadar 0,14% Co","PT Gane Permai Sentosa, laporan RKAB Tahun 2020",1535,127.4415,-1.5774,IUP,Desa Kawasi Kec. Obi Kab. Halmahera Selatan,1276.99,"April 5, 2029","September 14, 2020",5332.907,621.258,4806.907
Obi,Halmahera Selatan,Nikel Baru 2,2.186.000.000,Nikel,Ni,Logam Besi dan Paduan Besi,Baru 2,Maluku Utara,Operasi Produksi,8070150,98859.3375,"Laterit (COG 1,2% Ni), kadar 0, 14% Co","PT Halim Pratama, Laporan RKAB Tahun 2020 (Tabulasi DInas ESDM Provinsi)",1536,127.5406,-1.4716,IUP,"Desa Jikodolong, Kec. Obi, Halmahera Selatan",1317,"Juni 15, 2036","Juni 15, 2016",17841.130,3337.786,11918.403
Obi,Halmahera Selatan,Nikel Baru 3,2.187.000.000,Nikel,Ni,Logam Besi dan Paduan Besi,Baru 3,Maluku Utara,Operasi Produksi,12800000,161280,"Blok A (kadar Ni 1,55%), Blok B (kadar Ni 1,65%) dan Blok C (kadar Ni 1,75%)","PT Intim Mining Sentosa, Laporan RKAB Tahun 2020 (Tabulasi DInas ESDM Provinsi)",1537,127.5586,-1.4411,IUP,Desa Baru Kecamatan Obi Kabupaten Halmahera Selatan,1935,"Maret 6, 2033","Maret 6, 2013",15483.989,2466.995,13989.250
Obi Selatan,Halmahera Selatan,Nikel Fluk,2.193.000.000,Nikel,Ni,Logam Besi dan Paduan Besi,Fluk,Maluku Utara,Operasi Produksi,0,0,-,"PT Gane Tambang Sentosa, Laporan Akhir Eksplorasi Tahun 2017",1543,127.742,-1.621,IUP,Kecamatan Obi Selatan,2314,"Desember 4, 2040","Desember 4, 2020",32368.129,2055.225,36576.143
Obi,Halmahera Selatan,Nikela Malamala Utara,2.840.000.000,Nikel,Ni,Logam Besi dan Paduan Besi,Malamala Utara,Maluku Utara,Operasi Produksi,8800000,78400,"Ironcap, limonit, saprolit A dan saprolit B, kadar Ni 1%-1,9%","PT Rimba Kurnia Alam, Laporan RKAB Tahun 2021 (SDC Tahun 2021)",1637,127.389,-1.5083,IUP,"Pulau Malamala, Desa Kawasi, Kec. Obi, Kab. Halmahera Selatan",1800,"Januari 28, 2030","Mei 29, 2017",4944.751,120.486,4430.823
Weda Tengah,Halmahera Tengah,Nikel Sake Barat,348.000.000,Nikel,Ni,Logam Besi dan Paduan Besi,Sake Barat,Maluku Utara,Operasi Produksi,1995000,24299.1,-,"PT Weda Bay Nikel, Laporan RKAB Tahun 2022",1341,127.962,0.493,IUP,"Halmahera Tengah, Halmahera timur",45065,"Februari 27, 2048","Desember 30, 2019",20790.004,1212.120,3923.922
Weda Tengah,Halmahera Tengah,Nikel Blok Sagantel dan Sakaulen,1.203.000.000,Nikel,Ni,Logam Besi dan Paduan Besi,Blok Sagantel dan Sakaulen,Maluku Utara,Operasi Produksi,12203665,160117.4813,"Kadar Ni 0,6%-2,6%","PT Tekindo Energi, Persetujuan dan Evaluasi Laporan RKAB Tahun 2021",1379,127.955,0.584,IUP,Desa Lelilef Kec Weda Kab Halmahera Tengah,1000,"Desember 21, 2029","Mei 30, 2012",29803.660,2510.490,12505.542
Weda Utara,Halmahera Tengah,Nikel Messa,1.204.000.000,Nikel,Ni,Logam Besi dan Paduan Besi,Messa,Maluku Utara,Operasi Produksi,1042000,11706.87,Limonit-Saprolit,"PT Bakti Pertiwi Nusantara, Laportan RKAB Tahun 2022",1380,128.16,0.542,IUP,Desa Fritu Kec Weda Utara Kab Halmahera Tengah,1232,"Mei 10, 2038","Mei 28, 2012",33430.916,1913.011,19801.427
Weda Utara,Halmahera Tengah,Nikel Fritu 1,1.429.000.000,Nikel,Ni,Logam Besi dan Paduan Besi,Fritu 1,Maluku Utara,Operasi Produksi,4532300,53956.602,Limonit-Saprolit,"PT Harum Sukses Mining (SK Bupati Halmahera Tengah No.540/KEP/328/2009, Tahun 2009), Laporan RKAB Tahun 2021",1438,128.16,0.542,IUP,Desa Fritu Kec Weda Utara Kab Halmahera Tengah,511,"Desember 28,2029","Mei 28, 2012",33430.916,2126.760,19801.427
Weda Utara,Halmahera Tengah,Nikel Waleh,1.430.000.000,Nikel,Ni,Logam Besi dan Paduan Besi,Waleh,Maluku Utara,Explorasi,0,0,-,"PT Putra Prima Sejahtera, 2013",1439,128.079,0.564,IUP,"Desa Sagea, Kec Weda Utara, Kab. Halmahera Tengah",1100,"Januari 27, 2034","Januri 27, 2014",34727.231,9118.077,13430.370
Pulau Gede,Halmahera Tengah,Nikel Umera (Pulau Gebe),1.432.000.000,Nikel,Ni,Logam Besi dan Paduan Besi,Umera (Pulau Gebe),Maluku Utara,Operasi Produksi,1291328,16108.13904,"Kadar Ni 1,5%-1,8%","PT Bartra Putra Mulia, Laporan RKAB Tahun 2022",1441,129.551,-0.186,IUP,Kec.Pulau Debe Kab Halmahera tengah,1850,"Januari 27, 2032","Januari 29, 2013",14502.679,1668.647,1589.938
Pulau Gede,Halmahera Tengah,Nikel Umera 1,2.181.000.000,Nikel,Ni,Logam Besi dan Paduan Besi,Umera 1,Maluku Utara,Operasi Produksi,4764000,57289.33,"Blok 2A, Blok 2B, Blok 2C, Blok 3A, Blok 3B, Blok 5, dan Blok 6","PT Anugerah Sukses Mining (SK Bupati Halmahera Tengah No 540/KEP/315/2013), Laporan RKAB Tahun 2022",1531,129.5202,-0.1768,IUP,"Desa Umera, Kec. Pulau Gebe, Kab. Halmahera Tengah",503,"Agustus 23, 2033","Agustus 23, 2013",11184.059,250.440,5148.045
Pulau Gede,Halmahera Tengah,Nikel Kacepi,2.184.000.000,Nikel,Ni,Logam Besi dan Paduan Besi,Kacepi,Maluku Utara,Operasi Produksi,0,0,-,"PT Elsaday Mulia, Laporan RKAB Tahun 2018",1534,129.484,-0.1329,IUP,Pulau Gebe,483,"April 29, 2033","April 29, 2013",5034.909,366.381,11055.956
Weda Tengah,Halmahera Tengah,Nikel Sawai,2.190.000.000,Nikel,Ni,Logam Besi dan Paduan Besi,Sawai,Maluku Utara,Operasi Produksi,6125000,0,Tidak ada data kadar Ni,"PT Halmahera Sukses Mineral, Laporan RKAB Tahun 2021",1540,128.009,0.62,IUP,Weda Kec. Wasile Selatan Kab.,7726,"Desember 15, 2030","November 20, 2016",35699.793,6851.901,15802.267
Pulau Gede,Halmahera Tengah,Nikel Ubulie Utara,2.550.000.000,Nikel,Ni,Logam Besi dan Paduan Besi,Ubulie Utara,Maluku Utara,Operasi Produksi,0,0,"Limonit-Saprolit (Blok A, B, C, D, E)","PT Mineral Trobos, Persetujuan dan Evaluasi Laporan RKAB Tahun 2021",1572,129.388,-0.042,IUP,Pulau Gebe,315,"Februari 1, 2038","Mei 26, 2023",9810.832,128.476,2928.323
Weda,Halmahera Tengah,Nikel Sepoh,2.802.000.000,Nikel,Ni,Logam Besi dan Paduan Besi,Sepoh,Maluku Utara,Operasi Produksi,0,0,"Kadar Ni 1,44%-1,6%","PT First Pasific Mining, Laporan RKAB Tahun 2020 (tabulasi Ditjen Minerba)",1620,128.0476,0.5249,IUP,"Desa Sagea, Kec. Weda Utara, Halmahera Tengah",2080,"Oktober 10, 2032","Juni 4, 2018",29171.879,4404.659,7920.910
Weda Utara,Halmahera Tengah,Nikel Sagea,2.841.000.000,Nikel,Ni,Logam Besi dan Paduan Besi,Sagea,Maluku Utara,Operasi Produksi,0,0,"Blok 1, Blok 2, Blok 3, dan Blok 4","PT Zhong Hai Rare Metal Mining Indonesia, Laporan RKAB Tahun 2020",1638,128.081,0.5449,IUP,Desa Sagea Kec Weda Utara Kab Halmahera Tengah,688,"Desember 21, 2029","Juni 4, 2018",33315.837,6205.768,12202.016
Weda Utara,Halmahera Tengah,Nikel Sagea 1,2.842.000.000,Nikel,Ni,Logam Besi dan Paduan Besi,Sagea 1,Maluku Utara,Operasi Produksi,0,0,-,"PT Zhong Hai Rare Metal Mining Indonesia, Laporan RKAB Tahun 2020",1639,128.081,0.5499,IUP,Desa Sagea Kec Weda Utara Kab Halmahera Tengah,688,"Desember 21, 2029","Juni 4, 2018",33717.833,6757.509,12545.384
Maba,Halmahera Timur,Nikel Pakaulan,303.000.000,Nikel,Ni,Logam Besi dan Paduan Besi,Pakaulan,Maluku Utara,Operasi Produksi,0,0,"Blok Pakaulan Barat, Blok 1 Pakaulan Timur, Blok 2 Pakaulan Timur, Blok 3 Pakaulan Timur (Saprolit dan limonit)","PT Antam, Annual Report Tahun 2020",1316,128.409,0.948,IUP,"Kec. Maba, Kab. Halmahera Timur",3648,"September 20, 2030","September 30, 2022",21339.971,1059.988,19769.438
Wasile,Halmahera Timur,Nikel Wasile,312.000.000,Nikel,Ni,Logam Besi dan Paduan Besi,Wasile,Maluku Utara,Operasi Produksi,1400000,15365,"Blok Wasile I, Wasile II","PT Wana Kencana Mineral, Laporan RKAB Tahun 2019 (Tabulasi Dinas ESDM Provinsi)",1323,128.08,1.113,IUP,"Kec Wasile Selatan, Kab Halmahera Timur. Kec Weda, Kab Halmahera Tengah",24700,"Mei 9, 2036","Mei 9, 2016",37372.673,331.391,35087.919
Maba,Halmahera Timur,Nikel Tanjung Buli,325.000.000,Nikel,Ni,Logam Besi dan Paduan Besi,Tanjung Buli,Maluku Utara,Operasi Produksi,9940000,127137,Limonit-Saprolit (wmt),"PT Antam, Annual Report Tahun 2021",1330,128.286,0.832,IUP,"Kec. Maba, Kab. Halmahera Timur",3648,"September 20, 2030","September 30, 2022",3006.055,219.244,3238.070
Maba,Halmahera Timur,Nikel Pulau Gee,327.000.000,Nikel,Ni,Logam Besi dan Paduan Besi,Pulau Gee,Maluku Utara,Operasi Produksi,1500000,31500,"Saprolit (wmt), Limonit","PT Antam, Annual Report 2006",1331,128.328,0.83,IUP,"Kec. Maba, Kab. Halmahera Timur",3648,"September 20, 2030","September 30, 2022",7641.558,100.821,7646.274
Kotamaba,Halmahera Timur,Nikel Pulau Pakal,328.000.000,Nikel,Ni,Logam Besi dan Paduan Besi,Pulau Pakal,Maluku Utara,Operasi Produksi,13160000,181789.3,Limonit-Saprolit,"PT Antam, Annual Report Tahun 2021",1332,128.34,0.786,IUP,"Kec. Maba, Kab. Halmahera Timur",3648,"September 20, 2030","September 30, 2022",10066.887,637.293,11095.497
Wasile,Halmahera Timur,Nikel Fayaul,1.425.000.000,Nikel,Ni,Logam Besi dan Paduan Besi,Fayaul,Maluku Utara,Operasi Produksi,2045401,26188.20512,Saprolit,PT Jaya Abadi Semesta. Persetujuan dan Evaluasi Laporan RKAB Tahun 2021,1434,128.1435,1.023,IUP,KEC. WASILE DAN MABA KAB. HALMAHERA TIMUR,"1.826,00","September 10, 2032","September 10, 2012",25192.895,3077.035,22907.629
Wasile,Halmahera Timur,Nikel Saramaake,1.426.000.000,Nikel,Ni,Logam Besi dan Paduan Besi,Saramaake,Maluku Utara,Explorasi,0,0,Saprolit,"PT Jaya Abadi Semesta, Tahun 2015",1435,128.1037,0.9828,IUP,KEC. WASILE DAN MABA KAB. HALMAHERA TIMUR,"1.826,00","September 10, 2032","September 10, 2012",24412.793,6495.377,22203.768
Kotamaba,Halmahera Timur,Nikel Wailukum,1.427.000.000,Nikel,Ni,Logam Besi dan Paduan Besi,Wailukum,Maluku Utara,Operasi Produksi,53956.602,0,-,"PT Alngit Raya, 2013",1436,128.206,0.775,IUP,"Desa Wailukum, Kec.Kota Maba, Kab. Halmahera Timur",137.1,"Januari 23, 2032","Agustus 2, 2012",8292.971,121.625,9088.818
Kotamaba,Halmahera Timur,Nikel Fritu,1.428.000.000,Nikel,Ni,Logam Besi dan Paduan Besi,Fritu,Maluku Utara,Operasi Produksi,4532300,53956.602,Limonit-Saprolit,"PT Harum Sukses Mining, Laporan RKAB Tahun 2021",1437,128.152,0.599,IUP,Desa Fritu Kec Weda Utara Kab Halmahera Tengah,990,"Desember 28, 2030","Desember 28, 2009",27931.772,3609.919,22113.934
Wasile,Halmahera Timur,Nikel Subaim,1.600.000.000,Nikel,Ni,Logam Besi dan Paduan Besi,Subaim,Maluku Utara,Operasi Produksi,11800000,131880,"Blok Meja River 1, Meja River 2, dan Oviang","PT Indo Bumi Nikel, Laporan RKAB Tahun 2021",1451,128.197,1.021,IUP,Kec. Wasile dan Wasile Timur Kab Halmahera Timur,2117,"Desember 7, 2029","Desember 7, 2009",22516.268,3101.367,20297.227
Kotamaba,Halmahera Timur,Nikel Wailukum 1,1.936.000.000,Nikel,Ni,Logam Besi dan Paduan Besi,Wailukum 1,Maluku Utara,Operasi Produksi,66560001,817647.0523,Limonit-Saprolit (Blok Mana I-III),"PT Position, Laporan RKAB Tahun 2019",1468,128.16,0.542,IUP,Kec. Maba Kota Kb. Halmahera Timur,4017,"Desember 12, 2037","Desember 12, 2017",33430.916,2126.760,19801.427
Kotamaba,Halmahera Timur,Nikel Weda,2.189.000.000,Nikel,Ni,Logam Besi dan Paduan Besi,Weda,Maluku Utara,Operasi Produksi,29466400,337308.5275,"Utara, Tengah, Selatan","PT Wana Kencana Mineral, Laporan RKAB Tahun 2020 (Tabulasi Dinas ESDM Provinsi)",1539,128.106,0.795,IUP,"Kec Wasile Selatan, Kab Halmahera Timur. Kec Weda, Kab Halmahera Tengah",24700,"Mei 9, 2036","Mei 9, 2016",17444.246,6350.331,16828.893
Wasile Selatan,Halmahera Timur,Nikel Wasile 2,2.191.000.000,Nikel,Ni,Logam Besi dan Paduan Besi,Wasile 2,Maluku Utara,Operasi Produksi,8225000,97877.5,"Kadar Ni 1,7%","PT Mega Haltim Mineral, Laporan RKAB Tahun 2021",1541,127.925,0.731,IUP,Weda Kec. Wasile Selatan Kab.,13510,"November 9, 2030","November 9, 2016",38714.987,56.244,29018.244
Wasile,Halmahera Timur,Nikel Batu Raja,2.552.000.000,Nikel,Ni,Logam Besi dan Paduan Besi,Batu Raja,Maluku Utara,Operasi Produksi,1410000,18204.2,"Lapisan OB, limonit dan saprolit, kadar Ni 0.9% s.d. 3,17%","PT Alam Raya Abadi, Laporan RKAB Tahun 2020 (Tabulasi Dinas ESDM Provinsi)",1574,128.144,1.048,IUP,Kec. Wasile,924,"Oktober 29, 2027","Juni 18, 2020",27577.679,2010.592,25296.576
Kota Maba,Halmahera Timur,Nikel Soa Gimalaha,2.798.000.000,Nikel,Ni,Logam Besi dan Paduan Besi,Soa Gimalaha,Maluku Utara,Operasi Produksi,6875654,0,Saprolit dan limonit,"PT Adhita Nikel Indonesia, Laporan RKAB Tahun 2021",1616,128.2816,0.6194,IUP,"Desa Soagimalaha Kec Kota Maba, Kab. Halmahera Timur",2000,"Maret 10, 2031","Maret 10, 2011",23120.860,3004.079,25211.357
Kota Maba,Halmahera Timur,Nikel Wailukum 2,2.817.000.000,Nikel,Ni,Logam Besi dan Paduan Besi,Wailukum 2,Maluku Utara,Operasi Produksi,0,0,"Blok Barat kadar Ni 1,6%","PT Haltim Mining, Persetujuan dan Evaluasi Laporan RKAB Tahun 2021",1635,128.231,0.7376,IUP,Desa Wailukum Kec.Maba Kota Kab Halmahera Timur,122.7,"Agustus 18, 2031","Oktober 19, 2011",10410.107,521.138,12039.842
Maba,Halmahera Timur,Nikel Buli Karya,2.818.000.000,Nikel,Ni,Logam Besi dan Paduan Besi,Buli Karya,Maluku Utara,Operasi Produksi,18000000,224784,Limonit-saprolit,"PT Priven Lestari, Laporan RKAB Tahun 2021",1636,128.181,0.9004,IUP,Kec. Maba dan Maba Kota Kab. Halmahera timur,4953,"Juli 17, 2037","Juli 17, 2018",11894.788,8175.220,9719.919
Maba Kota,Halmahera Timur,Nikel Mabapura,2.853.000.000,Nikel,Ni,Logam Besi dan Paduan Besi,Mabapura,Maluku Utara,Operasi Produksi,0,0,"Kadar Ni 1,79%","PT Makmur Jaya Lestari, Persetujuan dan Evaluasi Laporan RKAB Tahun 2021",1650,128.205,0.8112,IUP,Desa Maba Kota Kab. Halmahera Timur,394.1,"Oktober 29, 2028","Oktober 29, 2009",6311.443,96.732,6143.022
Kota Maba,"Halmahera Timur, Halmahera Tengah",Nikel Maba Sangaji,2.852.000.000,Nikel,Ni,Logam Besi dan Paduan Besi,Maba Sangaji,Maluku Utara,Operasi Produksi,0,0,Blok A-Blok F,"PT Wana Halmahera Barat, Persetujuan dan Evaluasi Laporan RKAB Tahun 2021",1649,128.077,0.713,IUP,"Kec Weda, Wasile Selatan Kab. Halmahera Tengah",3986,"Agustus 30, 2038","Agustus 30, 2018",23915.298,7953.800,24056.697
Seram Barat,Seram Bagian Barat,Nikel Piru,1.438.000.000,Nikel,Ni,Logam Besi dan Paduan Besi,Piru,Maluku,Operasi Produksi,24125130,379348.1853,-,"PT Manusela Prima Mining (545-236.a Tahun 2009), Laporan RKAB Tahun 2021",1446,128.099,-3.111,IUP,DESA PIRU KEC. SERAM BARAT KAB,4389,"Oktober 15, 2029","Oktober 15, 2009",97056.749,458.016,189482.436
